ARIMA weight,ARIMA RMSE,ARIMA MAE,XGBoost weight,XGBoost RMSE,XGBoost MAE,MLP weight,MLP RMSE,MLP MAE,ensemble RMSe,ensemble MAE,borough
0.23767745215192376,59878.29445109627,42825.245848400395,0.4739973320832704,32139.408012105403,20508.91052189514,0.288325215764806,51011.66796875,34503.4609375,44173.66429042537,29847.98201177761,E6
0.24436118153000455,121880.33838072247,102292.94625938984,0.429302506008754,93883.16697367634,47761.30333947066,0.32633631246124134,115122.75,65248.01171875,107655.83606122501,66793.26796373352,E1
0.29546817604317577,90450.67253426903,67272.14926163362,0.4386878291112393,70948.11934335112,40999.96249287487,0.26584399484558485,126126.015625,64963.31640625,91379.21553754553,55133.071332335894,IG8
0.28191389725303545,75693.76084012016,58356.46888864396,0.41591103286532966,61301.980880533425,35138.39959902732,0.3021750698816349,78700.046875,50449.578125,70616.48546503189,46310.552440210144,N15
0.21107867308949077,132478.3244600371,118804.3614644662,0.47047668203197,74303.24702614757,45192.363874844,0.3184446448785392,104423.1484375,68917.28125,96174.28648648609,68285.35953783248,SW9
0.13796427232087854,196400.14716132768,172017.91798282953,0.502383619173014,66534.5379796176,40519.13562723084,0.3596521085061074,87257.1640625,58936.890625,91904.28841437213,65285.25386489917,N12
0.31565174446934363,61943.663047171525,49680.34217864589,0.4199864547089714,57656.18700659397,32344.06237063535,0.26436180082168503,86886.0546875,52996.4296875,66736.79675607668,43275.98634975978,KT6
0.25826592890034306,74159.1036701885,62534.0053705607,0.43549196352337743,51729.50506346986,32925.873058078396,0.30624210757627957,70141.1640625,48322.33203125,63160.73143833465,45287.6888979217,W7
0.20641407534576423,133242.11444795743,99328.29014012605,0.4573905003750575,70926.95706698201,40257.23047811501,0.3361954242791783,86219.03125,58743.578125,88930.80802587024,58665.354128460385,KT1
0.23812309886890093,45737.15252623086,37785.16472083146,0.4383846703485735,29431.006032890156,18182.874743157263,0.32349223078252554,37393.87890625,25697.919921875,35889.80367573554,25281.691506862706,N9
0.24023968441366883,41973.59071675103,32343.842912040265,0.46977192205879714,24291.87749290352,15179.412857677358,0.289988393527534,36383.62109375,25911.166015625,32046.191999449955,22415.073975085274,DA17
0.2828440049833042,68074.24913684846,53814.965452568824,0.4189990132985153,52123.856015571895,33218.837971523666,0.2981569817181805,74055.1171875,46360.89453125,63174.28772334711,42962.72507282679,DA6
0.3218497369216759,32542.09796025102,26211.644755093777,0.4028618967305451,29241.575935440887,19223.27334996235,0.27528836634777903,39419.18359375,29808.697265625,33105.62506641479,24386.522905056343,RM7
0.18237338106630172,134762.69529567726,105530.48648740113,0.48134598965980363,56561.35128452093,37153.384348486994,0.33628062927389457,79188.6796875,53974.125,78432.32702990535,55280.03690422038,BR4
0.21984028897497876,70186.06041565034,54306.08383804243,0.4448855219413869,40133.95222185184,24283.208377751693,0.3352741890836343,51693.7578125,32821.890625,50616.32081685285,33746.24576109081,SE18
0.1316895429075894,385546.3714757492,300247.06995840895,0.49252377779187473,133953.77078774618,68064.7851120283,0.37578667930053594,155611.84375,95426.640625,175224.70068981507,108922.98489740859,EC4
0.1854057788720008,61650.98353196468,52412.51180806849,0.49296031743002483,26656.281971847333,17749.053210502065,0.3216339036979745,38234.26953125,28504.697265625,36868.37520669138,27635.238534416327,DA1
0.24557367946394099,87326.805076626,73098.86466871075,0.45163737253381825,58985.81172906486,34169.21752973916,0.30278894800224077,84379.0625,52259.3984375,73634.40943237706,49206.82106412042,BR3
0.2112628796351617,89747.40401435025,75983.76030727423,0.46795782723016893,53148.16752318486,28557.366278165668,0.32077929313466946,67708.8671875,45182.55078125,65550.99856262199,43909.817784599836,SE8
0.10885449151835912,1305057.6542021418,619656.654577266,0.5404455161712018,337414.0731188037,112958.08420138888,0.3506999923104391,452904.59375,183153.484375,483248.94780592364,192732.0257338481,EC3
0.18040996047527844,105562.81309558002,88029.04086003374,0.47943769068614117,48012.047138449205,28955.98508088103,0.34015234883858037,66093.515625,41409.296875,64545.23252624819,43849.37599674065,E15E20
0.3948950207778665,104179.83696879393,78202.66127167964,0.3553886062358167,150672.80022771997,74021.37748615707,0.24971637298631685,192690.984375,111527.0625,142805.5890802917,85038.32926154327,TW9
0.21282578327472032,94371.44022664936,82299.52016910898,0.4639001340392064,51497.042982210434,33152.31185129715,0.3232740826860734,69981.546875,49352.0625,66597.38119803836,48849.06448800384,CR5
0.12503378878924828,130394.3561819243,111089.8384378965,0.4996537594500743,40196.27672155106,23957.28470373225,0.37531245176067735,50605.31640625,33025.453125,55380.72654253375,38255.19454716232,SM6
0.2770742359859212,48590.90879525096,36931.74198462954,0.42752159649842153,33775.018346771794,22765.389970856657,0.2954041675156573,45827.25390625,34496.265625,41440.40048538553,30155.8706886223,RM12
0.31800726905784327,53354.8136224371,41866.61944848216,0.4051919516552361,49712.71471707142,29240.560850368107,0.27680077928692076,69037.671875,44209.859375,56220.091844606315,37399.25276111532,CR2
0.3578640349715976,35914.006054545665,29027.524382174648,0.4114171922886976,36614.69590955139,22570.787903268945,0.23071877273970473,65386.30078125,40212.140625,43002.09357652538,28951.612921784486,SM1
0.3572777637245016,40848.67108190816,30224.882718438606,0.35123632347896144,55609.122216365366,25900.131318881744,0.29148591279653707,57033.21875,33977.0234375,50750.645321498596,29799.56909933443,UB8
0.09803560718589104,158199.52362748655,135006.06196654803,0.5410424158989785,33365.632690404826,21837.51432431776,0.3609219769151304,53423.125,31424.35546875,52842.98876213804,36392.16326498904,DA16
0.2995747895044826,100509.63246502554,82655.87139227774,0.39626975742851717,97863.77984737756,52782.22157036723,0.3041554530670003,120489.203125,70996.1484375,105538.05645620724,67271.47910589867,N8
0.24985772897717592,284588.99871044647,221887.07564912908,0.4965081734566204,191191.48874056948,93388.49003641718,0.2536340975662038,386755.6875,179977.53125,264129.327542372,147456.7881417185,W6
0.10981648829363302,2010277.0736070508,1605257.1060593,0.5057983408390772,770822.6234649541,258861.73975393036,0.38438517086728985,888689.125,357600.46875,952241.2939115535,444671.85395277897,W1
0.3054277404623209,50747.86274195087,39442.90177305564,0.3859665444860193,49099.5359137517,27342.50011173131,0.3086057150516597,57489.375,35545.84765625,52192.132942812015,33569.898384629574,SE9
0.11446483634108894,498479.9906818886,368043.2026997572,0.5518831744987052,125542.3302670381,67535.83061865775,0.3336519891602058,221709.890625,108025.1015625,200317.07633797068,115442.68357327099,EC2
0.3981456674623853,52978.42299732715,39650.7376577147,0.35391948539083223,77263.30074043134,38088.15182666312,0.2479348471467825,100176.7265625,57217.515625,73275.41861096444,43453.124494690266,BR2
0.17972429860025055,82633.06717875839,72987.89123275377,0.45923837332119744,40348.4622382456,24302.704881653375,0.3610373280785521,47597.45703125,32442.509765625,50565.1909140896,35991.38925721725,RM1
0.3213148238801579,64341.47120757813,53665.56649923035,0.3936798052941619,75155.5025092332,35005.17309362329,0.2850053708256802,95245.4765625,50467.25,77406.544451037,45407.809076717465,SE19
0.17779514626767737,88696.84585959032,72184.54207889899,0.48525610232663563,37011.98787072815,24059.95383791753,0.33694875140568686,50502.6171875,35945.46484375,50746.95546064526,36621.08013652837,DA7
0.25611062748533153,47645.278035759475,36897.690674975034,0.4623219856553272,29745.331615978037,18799.676342430957,0.28156738685934124,44224.09765625,33048.7109375,38406.446444409215,27446.833585579283,RM6
0.27234939601990826,66322.62757911718,50330.53444843361,0.38865483257230604,52865.33838502834,32305.803640691294,0.3389957714077858,61381.15625,36755.87109375,59417.24921540795,38723.38223866766,E7
0.27653939718985254,74989.79458350338,54699.992123748394,0.4344147567742815,51996.68630269004,32857.39917022516,0.28904584603586586,77634.1796875,49589.34765625,65765.59757183847,43734.036864627364,N13
0.253343876817082,156056.68767744245,127116.47099544005,0.4479063734978188,113051.65928632408,61005.771681687904,0.29874974968509915,165720.9375,92602.0703125,139681.65358398922,87193.89885185302,SW8
0.19760815975662166,131282.93197423534,100429.59136098067,0.4706647868924091,64145.07229201873,38067.53982810448,0.33172705335096925,84222.0546875,56725.0234375,84072.13940405213,56579.98213085254,N14
0.36504497500004407,59070.75571000077,47143.35381254497,0.39145821364661093,61729.5249764017,40484.58177806713,0.24349681135334486,101757.984375,64045.6015625,70505.75684296299,48652.36623866655,IG9
0.1995706611318393,252284.00772117756,191504.18093514876,0.46814946925506074,149348.05011214272,67332.50802074377,0.33227986961309997,190743.78125,99491.0625,183646.01537144295,102799.17116743111,WC1
0.2661124521586508,67480.14014809583,51279.078564760595,0.4330743610592087,45075.97510233163,29701.371131455115,0.3008131867821403,62974.7578125,43637.15234375,56422.192267793886,39635.53452526308,UB9
0.13743807570731137,172765.5210389018,145392.44443053292,0.49698454665701053,57194.236933556575,35314.199113095616,0.36557737763567794,74454.4453125,49357.99609375,79388.07354463768,55577.23579899703,N22
0.21806690846033489,118787.6188573663,86061.5580099678,0.45946520006016767,62296.44499438655,38215.239875743064,0.3224678914794974,90926.234375,53667.17578125,83847.48844905035,53631.69174320826,RM14
0.20617192967688716,68483.18864768298,54464.44635176788,0.47736497901018016,33424.28193397291,21550.495687094524,0.3164630913129327,47677.234375,33759.0546875,45162.977773324135,32199.986730664743,RM13
0.17167841481943102,82511.58870347528,72835.21554284368,0.47860068977893383,37247.02021519511,22117.159220228357,0.3497208954016352,46831.4375,31945.5078125,48369.840575493494,34261.533602426214,CR4
0.2138897395472558,131349.71284978688,114958.8340787116,0.4658040673001186,85846.87905107073,41884.27412067669,0.32030619315262576,107227.421875,66217.390625,102427.7886004097,65308.22063267024,TW8
0.17074329939725155,57789.410433994024,43165.802144550784,0.4779602069275425,23735.447569532414,14053.19780935605,0.351296493675206,31501.205078125,19409.267578125,32278.01693006255,20905.548457242232,SE28
0.15686631249927876,142137.85636933582,124359.81074101495,0.4944049954316687,57648.784360900834,33143.93996031746,0.3487286920690525,74944.1171875,49570.1015625,76933.65232886894,53180.91110234019,E18
0.23488529369869765,78194.40992375,64158.433921198455,0.44889160466543054,49573.36562518309,29363.640929054058,0.3162231016358718,62961.8203125,44806.2109375,60529.766688550095,42419.72348549915,TW5
0.16862740553661074,102632.2162580438,78416.60857030966,0.449099904460866,43512.604216135056,27077.644660923597,0.38227269000252345,50604.13671875,32014.044921875,56192.690217108044,37621.85195458412,E12
0.23879063012878585,120904.79544979696,99858.09525273793,0.40807432674348887,88625.70126553848,50088.85307282196,0.35313504312772526,97705.3359375,59502.03515625,99539.98368725111,65297.40623499673,SE22
0.2935382375313505,76749.22801896761,60307.49301985651,0.42426740459603723,61694.29917642006,37608.55742652325,0.2821943578726123,92792.8984375,56528.7421875,74889.34570423952,49610.732363882955,TW2
0.14373764505484335,109318.16150168687,92099.02077200657,0.5009361433768786,38787.128062033655,22758.90930873326,0.3553262115682781,50057.4296875,33924.23046875,52929.72629174258,36693.02490703639,SE25
0.2561392294347752,658495.016864744,522342.2674884405,0.43428948637070686,698562.4274602429,227825.3051464134,0.309571284194518,797438.5625,345398.125,718908.8038853132,339659.82176461647,SW10
0.27864823476879624,296235.01262293337,217122.47304379463,0.41592200778934635,281176.913348577,119661.85080888214,0.3054297574418575,386660.4375,162278.25,317590.63332603115,159835.39762209752,NW11
0.3195246104049861,83357.1053129649,68452.26127258448,0.3937879236260274,93759.22597776756,45201.34426108802,0.2866874659689866,137746.328125,60199.6796875,103046.04327486988,56930.41923789603,SW17
0.25891203993195133,52520.58090659576,38403.639383194924,0.4504683969340538,33451.0951159236,20602.849415940505,0.2906195631339949,47068.1640625,34066.6875,42345.80121085941,29124.54300085878,UB4
0.2283461448729703,199424.29905656425,159234.5578029363,0.48870921918062926,142663.38013090717,58264.624977845146,0.2829446359464004,226982.109375,104281.8125,179482.04929646113,94341.03625727083,EN4
0.15136977521324055,78004.91734212452,64470.801409969856,0.48907396749809856,29490.178791096037,17353.20302864664,0.35955625728866086,37179.3125,24753.4375,39598.519998259944,27146.183913793626,EN3EN8
0.23903954464031832,55744.91025478092,44292.43721100289,0.45339732671524585,34944.26239552444,20733.24922725272,0.3075631286444358,46042.72265625,32882.25390625,43329.916948949416,30101.41268397231,UB3
0.27935425968388217,521330.8992448905,428016.9934976032,0.4345519469925713,495545.236704893,217382.7246654816,0.28609379332354645,735560.5625,333593.75,571415.4663867215,309471.55796310585,W11
0.2516675240806655,72997.63070172345,55042.70129008628,0.4362022797497723,49297.91559414386,28613.761571769068,0.31213019616956206,63160.58984375,42211.78125,59589.32344964985,39509.4199444389,IG3
0.22062658377452143,125499.51170707463,106582.74348209109,0.45754775010631055,74929.76163513075,44176.07139539864,0.3218256661191681,100987.9609375,64906.0703125,94472.99018418611,64616.08797276816,SW2
0.2599428773823598,125512.9630115624,105082.88213576132,0.4481862822730607,90798.51538681152,52270.239887491865,0.2918708403445794,138368.703125,80619.21875,113706.63945962295,74272.75035918318,N19
0.20691559341532598,480717.3017206981,371169.3602977484,0.4833580058704608,267744.45057041117,134803.65462522197,0.3097264007142132,444672.78125,204171.40625,366611.22949328984,205196.42891386506,SW5
0.3887023292932451,109283.582552723,85479.53887310153,0.35221831945394005,156047.8730892677,80102.57881595226,0.2590793512528149,195044.296875,114032.171875,147973.6526055541,90983.07267269303,N5
0.1057803879410098,1122398.6058087463,516296.46458248346,0.5496515864600676,252509.49566164016,93165.77152891306,0.34456802559892247,392333.9375,150094.546875,392705.7350533758,157540.53611063387,N2
0.23160658816387214,365927.1879790351,239989.57694187833,0.4107096235219412,299366.55692094954,112425.49084449546,0.35768378831418673,303214.5,135915.453125,316158.78444407915,150372.15229360096,NW1
0.21415458563955378,193249.9696650479,154827.90041956486,0.4574563624066784,141617.5301716377,56214.71549314346,0.32838905195376766,156644.0,87297.8359375,157609.38203805606,87540.53770414494,HA6
0.26621750311917713,145501.99083166072,111603.7463920489,0.43990128851805105,110973.7039004957,58303.72153481046,0.29388120836277176,152950.234375,91405.765625,132501.851733017,82221.1897849972,TW11
0.1992001336916493,106911.71770899202,90711.06367267684,0.47038978543675164,58326.231143825105,32284.726114392317,0.3304100808715991,75319.15625,48725.72265625,73619.10032165647,49355.53136412091,SE13
0.1963463850461198,138112.4213380865,116634.34655578142,0.453677621292952,76282.77761745465,42677.89378601331,0.34997599366092813,93185.3203125,57284.48828125,94338.288825785,62310.93336066407,SE4
0.33037932597723724,124558.36299409304,97112.32519516358,0.3742456992702547,144766.58259327113,72195.60205029557,0.29537497475250807,174924.84375,93744.15625,146998.200250643,86792.47590114924,NW6
0.184777269889209,112027.1850919033,94327.62458498307,0.4881241725915769,55426.14839060642,29811.382557145163,0.32709855751921413,75765.3671875,46794.56640625,72537.66255470256,47287.69256168631,HA1
0.38120938098787693,79418.90405166183,64318.20773454023,0.3653875726449544,115229.95158980574,54665.827529769216,0.2534030463671687,151063.15625,82745.0,110658.68754725393,65460.753256115226,SE3
0.19665461557302055,106957.2653241722,89572.95860788133,0.46832966743021115,60170.57636759088,31023.716499492803,0.33501571699676824,75388.90625,46121.40234375,74469.77439533049,47595.65724651544,SE14
0.1932822062025779,125254.57579427108,109071.31393087348,0.4623652345341347,68022.05211951032,37980.02123210186,0.3443525592632873,85561.4921875,52992.24609375,85123.83163736663,56890.20117805814,SW16
0.3597329601890485,69648.28174254799,56613.04810655492,0.3792341073728213,83626.41834875513,45872.444775297736,0.26103293243813014,123512.6640625,66052.3359375,89009.64557208396,55003.8099722192,NW10
0.2702057651120954,186583.92839590603,144057.33834536548,0.47486532400712156,136311.8480627836,70016.89392376051,0.2549289108807832,255197.40625,130086.7109375,180203.01986109273,105336.58188606042,SW11
0.239956374076551,70922.89934291648,55537.24978895565,0.455190722551885,43844.82291098094,26249.455500549433,0.3048529033715641,62295.19140625,40426.59375,55967.028352613925,37599.19017954037,UB2
0.3080064967544313,96095.64485858376,78199.94863298321,0.3948728054546097,110379.51671707554,48365.87614137183,0.29712069779095907,139161.296875,65839.7890625,114531.65399004078,62746.82549369486,EN5
0.36380715231274763,62967.544383025874,48474.39531911488,0.38043592677853405,72457.51574961974,41020.13728783224,0.25575692090871827,115153.578125,58882.48828125,79924.80973926352,48300.46956506492,CR8
0.11895233159907666,121248.34917228878,108195.92804700664,0.5436306095179189,33194.24495178468,20077.7278712771,0.3374170588830046,49279.1640625,34107.34375,49095.81205439034,35293.42496555128,UB5
0.21787134443975512,89559.06518262833,75980.78351767744,0.46853768921550526,50948.55814396307,30592.02919594874,0.3135909663447396,72204.375,47247.1328125,66026.31337030912,45703.828160155594,EN2
0.32848726194475886,114267.95940935735,86955.37329832294,0.40463375295212883,106623.56063383276,64237.563996274366,0.26687898510311236,159064.265625,98361.8515625,123129.97038295312,80807.13020432852,SE24
0.33371360732025074,68560.42605800033,52182.41083323676,0.3891071691925506,77091.27945145429,37907.99330659754,0.27717922348719864,96843.2578125,56478.65625,79719.25561645516,47818.96260610251,E14
0.2632597031769438,65042.81134814749,46700.98894592066,0.42481966296708107,46007.389837045055,26576.169813152632,0.3119206338559751,56163.69921875,38786.7734375,54186.61171388469,35682.96294680532,TW3
0.145340294105249,164380.17388450546,145336.03007026162,0.4809233685980684,60769.94345645242,37818.75900798717,0.3737363372966826,76089.875,49519.20703125,81554.29992189966,57818.23339451638,SE23
0.17495823054451382,88192.52834906113,70157.07660454718,0.4813935869973258,37424.4843989325,22884.935765612165,0.3436481824581603,48798.87109375,33584.17578125,50215.55885090343,34832.36026590085,E13
0.19169506881287596,86036.65013339352,73585.43629186049,0.4741357244757285,41570.73878439592,26106.194445349745,0.3341692067113955,54757.48046875,38927.0234375,54501.23772803795,39492.057231989114,TW4
0.19972896733893078,192712.68271774377,163079.869650694,0.4499852090017141,111017.1564893333,60611.77813674812,0.35028582365935507,137240.0,79564.65625,136519.6099169685,87716.54876063537,N3
0.23029373258430488,138177.8642233315,116484.1524277701,0.46274236595111895,87112.45542707747,49230.8909622359,0.30696390146457614,129536.3828125,74796.8203125,111895.11329038939,72566.71299152676,N4
0.22855367029504955,110694.78113208224,95441.67368114144,0.4403350460006173,72147.5032497959,42139.730268614534,0.3311112837043332,90176.1015625,58216.34765625,86927.09742038486,59645.23449024998,SE15
0.28357343962051046,42604.817309871905,35051.33903884381,0.42088170679408216,34289.4556924573,20825.990618258627,0.2955448535854075,43643.74609375,31965.623046875,39412.08377504136,28152.18263479485,SE2
0.17432453447526813,256695.35077371376,221020.6870346988,0.47228384481840285,141609.04037803074,63490.81547708196,0.35339162070632907,169088.109375,89643.8125,171382.2805905744,100194.3870065691,NW7
0.2231812786581432,77635.51616761588,66302.65865831745,0.4585087146711501,50875.82358120683,26460.46178399631,0.3183100066707067,64662.203125,40955.015625,61236.42855369014,39966.25575677558,HA0
0.20550307338926327,144047.89243074192,125804.81090609502,0.4798586815574583,80544.37172652096,44731.679905731355,0.3146382450532785,116772.703125,70247.6328125,104993.3590147031,69420.75213904423,SE5
0.17180569806877766,122291.98581184392,103788.50812977896,0.4948603399764482,51651.42186463305,31304.20231239808,0.33333396195477416,73928.6796875,47546.1796875,71213.63987713997,49171.42174080649,SE12
0.20965644017378912,376373.71716636413,297341.6228450077,0.4512705578598049,255234.62761961148,110621.8515314775,0.33907300196640594,307368.96875,154256.40625,298309.565452499,164564.15355301305,TW10
0.27581255699888285,128804.18066467176,106709.20810077609,0.42901207328760155,127956.5894187266,53085.804431771685,0.29517536971351555,165438.296875,81344.7265625,139254.04258345993,76217.15030034624,HA7
0.12273917553154261,608063.207965803,541917.47181523,0.48682704860177356,276458.24038662977,97800.857957203,0.3904337758666839,324142.25,124747.2421875,335776.6086312728,162832.14352298703,W10
0.3274360264664858,145658.038178706,112479.37047049764,0.4600993072109047,178690.3218623041,60447.530462702016,0.21246466632260966,302547.75,144543.40625,194189.6892886852,95352.03159285043,SW20
0.38423699639055725,97560.91671608773,80904.49877459131,0.3855650897566719,141503.84090994147,64014.4893218857,0.2301979138527709,216436.234375,112037.3203125,141868.62436072866,81559.01133434504,SW4
0.20007233978332498,61671.925750267874,50766.97057297695,0.47352907699304714,30681.947750452095,19082.042136196716,0.3263985832236278,40397.7421875,29555.90234375,40053.40669785344,28839.973037038268,N18
0.27469551603484854,73452.62870627419,55251.16261016538,0.40449688223295927,56495.82466051807,34484.62936921296,0.3208076017321922,68707.890625,44478.8046875,65071.50629242963,43395.310349241954,IG5
0.20016925504358257,1039149.5835262547,755515.6058781868,0.4770011069345917,607318.067871757,263105.9928396751,0.3228296380218258,868928.3125,394343.78125,778213.001240796,404038.7059851829,SW3
0.3043456268702405,50750.02367245025,39424.35591579685,0.40551378267588156,43563.17007253702,26957.14628814266,0.2901405904538779,55890.2265625,39882.48046875,49327.036985183426,34501.651108568876,IG2
0.21278140647275115,61883.6521203631,51241.15263677761,0.5086259353192492,31224.696160933538,18779.248045892047,0.27859265820799983,55592.31640625,34818.05078125,44536.99202931289,30154.83045004205,UB7
0.27881592855971604,346720.37859168224,248207.35431855675,0.45151559613447556,295202.6250575346,128081.4936102378,0.2696684753058084,451500.46875,223642.8125,351715.19654860126,187344.37217087718,SW13
0.2948221043382762,211063.150915161,169400.93799721877,0.4008610130766492,371139.00094298954,84933.27184606482,0.3043168825850748,356021.9375,122324.8359375,319344.7243632355,121215.09114857661,SW14
0.21110237003689816,112808.2115572042,97596.97339658336,0.4333069191868331,75383.38029756874,38519.04012486799,0.35559071077626875,84292.7265625,49193.8515625,86451.93164560759,54786.395641919036,E11
0.3403807096568273,136145.72279729907,107598.31912113629,0.3819621924926746,154367.39723127906,82011.03948757538,0.27765709785049814,197602.8125,117479.6953125,160169.71068417944,100568.57992844126,SE21
0.08633000777099678,227384.6472297756,209472.15328149256,0.5512622340196207,47047.479517700376,26801.58810177365,0.36240775820938254,65019.53515625,43248.1640625,69129.20100206445,48531.90613741832,E16
0.3339403622819084,130244.69878051954,81954.46608221317,0.3877261219146921,130492.15020571048,64857.70333952975,0.27833351580339954,167124.453125,94465.5859375,140605.51385063602,78807.86854265662,TW1
0.1638608339688351,152957.13606559782,133028.39760366306,0.4802743636845306,72020.42191482935,36616.595946503054,0.3558648023466343,88991.78125,51848.6796875,91322.2888296357,57835.27664030048,SE26
0.35629123366860765,81543.80974882406,68619.96315643677,0.35412485881930134,113345.53678979816,56020.490413006475,0.28958390751209107,131663.125,70339.6484375,107319.33899968484,64656.169833353204,NW2
0.2805893037281654,99779.93822939822,79410.25292372762,0.4115438676459186,83017.20431796205,47339.86892073676,0.30786682862591597,109068.71875,63918.73828125,95741.04528384622,61442.55957065543,TW12
0.3845467924640037,63821.84930669987,49028.8728022619,0.36704608437814396,79649.35622841775,45728.02968953602,0.24840712315785238,110515.8984375,70183.2421875,81230.40816095786,53072.20730379484,HA5
0.34071857721625565,81985.96891787261,67436.40932641986,0.39325661354404867,94914.94944304255,48408.350413176275,0.26602480923969574,130450.4921875,74429.6953125,99963.14157347332,61813.88688628665,SE10
0.2617785416112965,74348.92109855251,53397.01538246185,0.4359750273435686,46705.656339281246,31075.950472304576,0.30224643104513504,65030.7265625,45924.88671875,59480.75694695757,41407.16427700151,SE7
0.2496093271979931,198857.76781887715,163763.7856526607,0.4379344277488675,137897.1411441786,81403.52905977074,0.3124562450531394,183033.375,117991.40625,167216.5803004485,113393.52801710051,NW5
0.14379867058820547,75372.03411911869,61224.65908846979,0.5086149373153295,24986.120372490062,15461.771424686209,0.347586392096465,32826.59765625,24338.48046875,34956.790997003656,25127.83710333187,RM8
0.23685380110739354,74813.19671266072,62035.90721723264,0.4545820621480174,47096.67862367766,28281.53908754951,0.308564136744589,63967.73828125,43896.65234375,58867.24524572039,41094.65342511171,HA2
0.18568146468843805,146589.8842922528,117950.44299922434,0.48719982001055046,65583.6174469771,40165.69865611683,0.3271187153010114,91883.671875,62224.68359375,89228.21974059187,61824.790729803644,SE17
0.2228768852274291,1133373.2354676423,841460.0493630905,0.4567146197717175,938314.401780714,314706.8404734685,0.3204084950008533,1180277.25,469564.53125,1059315.459113013,481725.6745953567,W8
0.3163877254412019,28592.580632128294,26724.166666666664,0.39303150322622576,28676.222498993415,18162.54287010732,0.2905807713325724,34333.90625,26764.62890625,30293.773347307557,23370.93634463549,DA18
0.23434749814231892,394997.80483125336,340066.80069734924,0.45414928462776594,335711.40738762345,131128.44778482732,0.31150321722991503,465128.28125,195160.78125,389918.7988743776,200038.90593699375,N6
0.3049843083792033,161485.46676935945,121113.727984848,0.4257128016462456,145789.04085744303,75133.03097200113,0.26930288997455115,229325.859375,119074.15625,173072.91110427195,100989.89407535683,N1
0.24367675151668267,53832.69577164979,43253.96034431448,0.4803754761561197,31186.806748402956,19947.40367224476,0.27594777232719747,50721.90625,36361.171875,42095.750610450894,30156.012462179468,KT9
0.22287622857046901,710291.8928860484,577444.5825401673,0.42862882747425457,670088.6158702594,219987.12924016672,0.3484949439552764,759867.5625,278303.3125,710336.4796018074,319978.7933228966,SW1
0.12411650017385413,127690.30052069164,105922.00951552896,0.5487381163140446,33980.8479386156,21305.87909313438,0.3271453835121014,56751.51171875,35835.0,53061.05476148781,36561.27189058663,IG7
0.20845801477519582,329619.34058867506,270432.387650558,0.47073103623215945,190919.35966215908,100369.71432358272,0.3208109489926448,262692.5,152602.21875,242858.09159942315,152577.4009059881,SW6
0.22426328843753304,220708.140092021,171868.1429472991,0.4584508565347878,146591.0995668083,69760.02526947806,0.31728585502767925,215629.9375,99954.9453125,185117.8775280005,102239.54853941544,W12
0.2829267335425739,98863.11027745312,81482.13652642863,0.42803932448226634,83294.94319998754,45735.89377810755,0.2890339419751598,122301.6171875,68053.2578125,98973.84660441057,62299.93717666506,E9
0.16342479718824063,180212.44284926815,147225.47018422736,0.479557989256701,74049.36053557259,44033.165373889286,0.3570172135550583,96293.765625,60328.58203125,99340.6762537841,66715.0911076355,SE27
0.1797967594849586,108031.29579624392,91401.09277631146,0.476287434198132,50605.61586108519,29635.933355335324,0.3439158063169093,66345.6953125,42442.9921875,66343.82914067268,45145.658833110705,E17
2.325910650711388e-05,49214.3526926182,38165.77381920363,3.153307900472741e-05,41498.19923049519,25659.327615252852,0.9999452078144881,1.0,1.0,3.4531930736598846,2.696764610901716,SE20
0.27424995070766234,60817.75546347906,45625.60001750213,0.42834873762322884,44376.48384068855,26752.384549295915,0.2974013116691089,58329.25,40892.6484375,53035.07273000172,36133.69598884579,IG1IG4
0.12044808155626985,182584.40789281193,157311.70004092134,0.48811925679558243,57263.498476803405,32794.00899156041,0.3914326616481477,67431.78125,42323.58984375,76338.35958515207,51522.11519563604,TW7
0.10460549057737634,187776.7632562521,162579.7364423232,0.48788785596893136,49681.660446152906,29941.755612639485,0.4075066534536922,58608.62890625,36172.453125,67764.96546459736,46355.46735846547,E10
0.10158801167661277,178525.5560709965,144854.74814800147,0.5094831309483543,43038.45503131679,25329.640430157,0.3889288573750329,50225.703125,35759.234375,59597.64842251328,41528.32852449913,UB1
0.20079355001715063,72457.5853435553,59925.46126112127,0.44161084698741554,38239.187015918375,24447.97155773582,0.3575956029954338,46148.375,30648.30859375,47938.31153839744,33788.8359221439,UB6
0.3147337092457848,55132.09800111514,44761.43331126544,0.5314495192790808,39983.225609210895,23072.87075794733,0.15381677147513445,153771.75,75302.765625,62253.66986071676,37932.826301498106,EN1
0.24941480412322126,184952.5827709477,149338.0025482761,0.46553204838737033,137635.85675395164,65254.18663025215,0.28505314748940835,228278.09375,105800.3828125,175275.2036564373,97783.75594785187,SW15
0.3536419637209347,86997.25722078739,72236.68089575763,0.35896127336333555,110063.54478864916,60119.78629812298,0.2873967629157298,130592.40625,77314.40625,107806.26588773644,69346.50681156576,SW12
0.18319882071746757,1245025.389048471,1002585.3457094248,0.43819210698218863,944017.3318543156,307921.23163906793,0.37860907230034396,1099179.75,355683.34375,1057907.5521487566,453266.0470889268,SW7
0.29084398459308974,50887.17572695787,41066.48499987357,0.4295909951559021,39125.3410617531,25358.593803319734,0.27956502025100816,55856.87890625,40995.75390625,47223.752638233665,34298.74244932413,IG6
0.23306408725453204,423183.07085642504,349849.6355424168,0.44747057092962095,493009.50314340374,125055.062609282,0.3194653418158471,558249.25,186366.3125,497577.3074657206,197033.42397321045,W14
0.29493868175460286,108229.8456501645,89156.654304865,0.40352936575191495,106555.62852503292,53756.30375632176,0.30153195249348225,126393.875,76915.2890625,113031.285110534,71180.41053789973,E8
0.333562571933629,84169.93162044208,64267.1805050542,0.38081716731141796,92339.96688211836,48783.68666349649,0.28562026075495306,115226.7734375,67484.484375,96151.68456364145,59289.727410490246,W13
0.26363056349335834,84014.37064647608,64216.402917260275,0.4304084111122631,62538.93562215909,34642.47343471747,0.3059610253943786,83367.7109375,50272.4296875,74573.31011207562,47221.22257088369,SE16
0.09211498528191425,603880.9474480718,544131.7526202876,0.5355104338577052,191154.9257594288,66315.0607212151,0.3723745808603806,219843.046875,104441.28125,239855.90424882382,124526.37365214783,SE1
0.2266059963875614,41128.520844066545,31532.718841018977,0.4597068188711096,22825.541030212855,14316.499230029096,0.3136871847413291,30255.525390625,22469.05078125,29303.796884482384,20775.148773565576,RM9
0.3157549147220951,108511.1046568838,77627.28626975606,0.39763136717611475,106460.5897975612,54245.85181872679,0.28661371810179015,145422.296875,75862.2890625,118275.00967116057,67824.22211044365,NW4
0.1542041139508684,131715.5000543692,109400.55122226052,0.4621737396332298,53551.32951370412,31768.963774234453,0.3836221464159018,62176.95703125,39147.9921875,68913.54791709696,46570.83264961752,HA3
0.19510805220335542,58750.0776659648,47883.58362360452,0.5045512547232647,27153.95983702126,16340.86772953903,0.3003406930733799,41008.3203125,29442.63671875,37479.645071107865,26430.099967540908,DA8
0.08714976330746502,194546.6630334021,173914.83528008976,0.5195961048612956,39616.654431473115,25197.807132728736,0.3932541318312394,50504.82421875,34082.7890625,57400.58576728145,41652.51679068931,SE6
0.2360289379054783,158035.60767615185,126571.759133303,0.4414050705187882,97763.80000252728,61049.55682359269,0.32256599157573346,131457.140625,84474.109375,122858.01658076298,84070.65666494406,SE11
0.299888023556438,307210.85820911685,254885.67778870676,0.3883772545629254,356570.0786573083,154033.5984347081,0.3117347218806365,416103.15625,197677.484375,360326.36697886966,197883.24382912292,NW3
0.1833266346435994,116182.87516301866,98725.86529917872,0.4933845755477905,51124.80493931409,32399.72984073825,0.3232887898086101,84867.0625,47042.60546875,73960.17562203738,49292.954584347564,HA4
0.13823485829308302,92949.502892022,77215.25661127591,0.5134993867797615,29573.017199909216,18430.397674268792,0.34826575492715556,40104.14453125,28737.541015625,42001.48772895543,30146.139376124673,TW13
1.1436698126676255e-05,100847.10728971672,77173.8592925103,4.305559811749188e-06,359076.3782718399,171634.5614224138,0.9999842577420616,1.0,1.0,3.6993670043987668,2.621581259708633,KT8
0.3279141312743796,81115.03215619309,66269.73005869768,0.3776590049342536,90849.21520044784,48614.2381607404,0.29442686379136684,111705.375,63832.86328125,93797.85274433898,58884.49551412906,N7
0.2830648068993698,179340.99428087234,147700.14834761937,0.38641094019162353,231579.6026538577,79770.73989951976,0.3305242529090067,270667.65625,93266.9140625,229712.24077459896,103459.97766701838,W9
0.2839221748637983,75598.23904749489,61214.05377433417,0.41557002828341466,59923.191475352214,37616.62005444004,0.3005077968527871,88921.4140625,49887.59375,73087.87705543898,48003.97802788794,DA5
0.2010388743107955,87248.70408848852,75790.40897861823,0.4460809249290915,49437.91654027608,29001.664920364296,0.3528802007601129,59840.734375,37640.91015625,60710.303151761604,41456.63994950678,NW9
0.3094067657937241,126905.47988422052,84713.69963063704,0.4132141072441186,111958.92194715251,57614.68953925503,0.2773791269621572,155442.0625,89178.265625,128644.80366233084,74754.38378630858,BR7
0.1446214839493387,145723.7487306571,120921.44881519684,0.5041942857492147,49810.81057466799,30600.47879283594,0.35118423030144663,67737.15625,45490.94921875,69977.33192883743,48892.129904564594,HA9
0.1348957172555665,96885.73508290212,79175.55805017956,0.5203791588030511,28428.027958905204,18739.767327108537,0.34472512394138244,44064.74609375,27809.62109375,43053.04906013911,30018.903128440208,RM3
0.27049663914438066,69240.62237744471,50389.85852191774,0.4135659573315587,51790.659945017425,30198.385995840097,0.31593740352406047,62945.55078125,41389.19921875,60035.06338357835,39195.70792648906,TN16
0.3272446968676029,85448.80276352394,68891.56079565927,0.4001512169951692,90588.2381289406,47572.13573910686,0.272604086137228,123945.1328125,72607.671875,97999.61095230165,61373.59397841063,W3
0.24836429886814093,82368.52632663253,64184.49278860625,0.4119766821743709,59487.60178857497,34279.839114804025,0.3396590189574882,68256.7265625,42992.7421875,68148.91888675166,44666.50356733609,KT5
0.43292607224505675,103570.51558913443,79077.17615142232,0.3350446100422468,174763.40002545854,86677.76151780295,0.2320293177126965,242661.09375,127690.2578125,159696.3997438155,92903.37148132558,W4
0.42219874614164626,80391.75810274956,62905.335878493024,0.3282466426149275,188455.10229866864,59794.08247926437,0.2495546112434262,209248.84375,83542.6796875,148020.06793946176,67034.2217072256,KT2
0.2856093599579926,59783.674527003895,49570.34492569689,0.45899150096999003,44283.34170842575,27233.709469980735,0.2553991390720173,80857.1875,48473.74609375,58051.31057159651,39037.94869367161,BR5BR8
0.1479849095866336,109430.36907319092,96512.35759233047,0.48924649657660324,39866.82949698184,25391.49361830564,0.36276859383676313,52347.94140625,34845.4453125,54688.93902853783,39345.90500552855,DA14
0.2653605478082815,109211.39663587546,89148.68279307568,0.39120531875985787,90680.3814945486,52609.16180645798,0.34343413343186074,98936.8203125,61498.27734375,98433.32473457098,65358.13480364463,N16
0.3053238629761997,65332.33501848037,52049.56854701208,0.3957018095248106,59488.234326394835,35808.194734475925,0.2989743274989897,74194.609375,49205.60546875,65669.40631542892,44772.55559146729,N11
0.25816622744639706,112935.60126917396,93375.33798019472,0.4392293899243753,79993.89402226146,48113.365721236005,0.30260438262922773,114013.140625,70617.90625,98792.70342357366,66608.45093917593,E5
0.1565621221149948,177744.03554700033,151507.27261140954,0.5077717486766866,67709.38516501279,40185.76294062228,0.33566612920831856,98316.7734375,62336.4375,95210.50708160014,65049.725920425146,E2
0.203259311898733,73688.32439938195,60122.46553051466,0.47275104690789754,38268.43637241876,22666.787568990407,0.3239896411933694,50398.078125,35334.03125,49397.736719532375,34384.05863326964,SM5
0.41878845635855233,49464.832272316,38705.92046650456,0.343115225126158,78514.1008336537,40009.24363031955,0.23809631851528965,105278.6875,59938.56640625,72721.15204634653,44208.52531786108,RM11
0.20681358284631524,101559.41695335794,86499.58606358859,0.4495016380853214,70270.42666631003,30962.60896465413,0.3436847790683633,84536.5859375,42113.25390625,81644.47664849096,46280.71712216066,SM2
0.3225456249133778,154480.82853418775,98850.36377402792,0.39674372136022745,170677.45378824006,68743.42203450383,0.2807106537263947,216294.25,101889.515625,178258.42385969084,87758.74597237373,N20
0.25089648340656767,150472.25702415107,127229.7387576176,0.4256321843918028,123220.18573866796,60634.33899546667,0.3234713322016295,149507.703125,83244.359375,138560.89285897108,84656.58402011855,SW18
0.24620826083599912,41140.77181044939,33831.12611606424,0.4370742098857368,27104.849964417423,17027.30720338094,0.3167175292782641,35678.18359375,24234.76953125,33275.934916119426,23447.275894124617,IG11
0.3537426598448919,63175.50351182649,47539.012409568546,0.36782442957836664,86601.63443662332,37334.83057791605,0.2784329105767415,104386.46875,51450.12109375,83266.6957554096,44874.64642254565,UB10
0.22747484890705233,170529.13406257806,144185.62267952054,0.45164189306660874,109363.39391282306,61465.618008001664,0.3208832580263389,145726.9375,89338.515625,134945.5137513127,89226.28477022308,N10
0.21231749436999975,70445.84049839021,60794.13482953201,0.46115787042140594,38872.064835835234,24489.07889401566,0.3265246352085943,51947.484375,35870.8125,49845.176367534485,35913.693816942614,N17
0.13196622845090394,170839.75604694046,149766.2477611934,0.5122497452144591,56742.58685464786,32241.531785599225,0.355784026334637,76000.671875,48485.390625,78651.27897791503,53530.13080375557,E3
0.18060600159303805,100583.43572198274,85310.43007732734,0.46408695905707614,47636.52297987837,28838.846030841145,0.3553070393498859,58063.83984375,39374.6484375,60903.95227019068,42781.39778938758,E4
0.18859939485377542,263297.1570454358,178464.24093971847,0.4689338683324564,135700.98887866948,62475.01397636499,0.34246673681376816,165096.75,90790.8984375,169832.61936796125,94047.76054261126,EC1
0.2990950796412001,67237.82289861096,54722.41047656949,0.41893864014953236,57585.11677282528,34408.64769822357,0.2819662802092676,85399.8515625,51180.3671875,68315.01098392214,45213.45355132995,HA8
0.31432924569199977,65206.44906777097,49924.10919980886,0.3996949713473973,62155.91727183798,34622.99426854228,0.28597578296060283,82385.5078125,49904.92578125,68899.96162405127,43802.84451263079,RM2
0.2925002142087032,76805.78023316007,60843.70068806895,0.420308922926485,72477.20375227493,35052.56573314981,0.28719086286481177,98839.96875,53181.92578125,81314.4585273515,47803.06478754997,BR1
0.2438842112204647,57676.41350307425,45784.71966354064,0.43611942700481077,35276.29348723827,23972.784128862684,0.31999636177472446,46676.12890625,33352.8125,44387.23494745856,32293.945774036878,RM5
0.3763651093291507,67609.60236147536,57068.219768227675,0.3788117489603982,96553.16307437351,45112.593344269335,0.24482314171045108,153182.953125,69004.9765625,99524.09979688631,55461.68231285819,BR6
0.21255769352320678,527415.6988442175,437490.27595662,0.4528282026096331,393350.6957479662,157070.71439724113,0.33461410386716006,513211.21875,215768.71875,461954.26508166164,236317.22974638065,NW8
0.38300519330674504,63733.69894383321,47011.9638928233,0.36527882095718656,83916.46302262084,42855.5656466076,0.25171598573606835,106918.875,66940.359375,81976.4343703535,50510.015354951436,KT3
0.3182218792256774,47816.64535977166,37098.059411543334,0.3972382328924073,44641.13645212559,26770.859730624103,0.28453988788191537,57246.55078125,39472.859375,49238.39604412875,33671.42617491189,DA15
0.2773200951055452,129192.81285099506,108724.9097628822,0.4322615430823021,112982.2726485114,56979.03984608907,0.29041836181215264,172432.5625,83762.421875,134743.2369871034,79107.59534535866,W5
0.41764275240256943,35129.38456720677,30647.81525118967,0.4036427398245965,49026.02487033699,25873.471354166668,0.17871450777283415,91356.34375,65801.859375,50787.23586743529,35003.223691541716,WD3
0.22002951623448422,74560.54190150222,62297.714740390875,0.4508082955556357,43552.85687911469,26733.27916131977,0.3291621882098802,58910.578125,36896.54296875,55430.64394535485,37903.866871143284,KT4
0.21106534394977244,390023.0471543629,286469.61332790845,0.4267741228708275,273246.39764392714,116510.07667694092,0.3621605331794,308808.875,139843.25,310773.22709860496,160832.99922916776,W2
0.31673632504470767,88599.4038781392,72432.58020110834,0.40981869562623946,87200.95498416133,47620.92995960525,0.27344497932905293,126359.6171875,72731.9140625,98351.63412434803,62346.153404341814,N21
0.21334540330391066,66228.18741129343,57733.16813491448,0.4631951633212485,38243.86204147752,22603.95849311063,0.32345943337484084,55385.4453125,32156.169921875,49758.79603568134,33188.3667881137,CR0
0.23650897575694993,69751.78859694453,54376.31306540007,0.4599257318502633,39462.1149939835,26108.688725142045,0.3035652923927867,56990.6015625,40884.62890625,51946.93482420688,37279.698206395056,SM3
0.1272685789246629,87938.77252848596,74282.31079196808,0.556870193273552,23601.64051630795,15084.956830802894,0.3158612278017852,37673.7890625,28498.296875,36234.58199719561,26855.6740008236,RM10
0.14500048448744418,112436.37604219954,90974.15884191608,0.4977921392871566,37851.41594648348,23894.592015297367,0.3572073762253991,48734.8046875,35124.828125,52553.89803245855,37632.68487950358,CR7
0.2761736978850758,50151.814552274256,39771.801364043065,0.4293604259336234,36611.228741053535,23378.006338919608,0.29446587618130077,49945.265625,35654.4140625,44277.20125013363,31520.524490060903,SM4
0.17219582332052907,866404.8215967207,602813.595029229,0.41089626290588155,574853.1953836572,201084.03892717956,0.4169079137735893,418124.8125,226285.359375,559715.864562721,280766.8205246031,WC2
0.46335264264297266,72366.44357445979,59351.48376018563,0.31594945079329556,179123.3717094865,65237.51272655818,0.22069790656373175,236443.625,96360.3125,142307.72684259512,69378.94240671716,SW19
