Average_Price,borough,Date
467307.3,SE15,2022-01-01
469315.28,SE15,2022-02-01
472106.88,SE15,2022-03-01
475213.6,SE15,2022-04-01
478283.38,SE15,2022-05-01
481429.03,SE15,2022-06-01
484541.0,SE15,2022-07-01
487747.38,SE15,2022-08-01
490828.88,SE15,2022-09-01
493805.72,SE15,2022-10-01
496856.6,SE15,2022-11-01
499833.28,SE15,2022-12-01
595992.9,EC3,2022-01-01
850073.5,EC3,2022-02-01
715589.2,EC3,2022-03-01
534223.1,EC3,2022-04-01
695294.4,EC3,2022-05-01
523859.16,EC3,2022-06-01
484019.47,EC3,2022-07-01
538477.25,EC3,2022-08-01
460750.34,EC3,2022-09-01
461228.38,EC3,2022-10-01
466017.1,EC3,2022-11-01
457643.97,EC3,2022-12-01
651761.94,SW16,2022-01-01
652332.8,SW16,2022-02-01
656944.0,SW16,2022-03-01
658099.8,SW16,2022-04-01
662433.06,SW16,2022-05-01
664028.1,SW16,2022-06-01
667980.7,SW16,2022-07-01
669905.6,SW16,2022-08-01
673686.75,SW16,2022-09-01
675744.94,SW16,2022-10-01
679311.5,SW16,2022-11-01
681555.56,SW16,2022-12-01
494204.62,NW9,2022-01-01
494402.78,NW9,2022-02-01
494603.3,NW9,2022-03-01
494801.53,NW9,2022-04-01
495000.5,NW9,2022-05-01
495198.78,NW9,2022-06-01
495397.66,NW9,2022-07-01
495595.9,NW9,2022-08-01
495794.16,NW9,2022-09-01
495993.12,NW9,2022-10-01
496191.28,NW9,2022-11-01
496390.16,NW9,2022-12-01
333283.25,RM6,2022-01-01
334422.38,RM6,2022-02-01
334863.22,RM6,2022-03-01
336442.94,RM6,2022-04-01
337222.06,RM6,2022-05-01
338204.78,RM6,2022-06-01
339480.97,RM6,2022-07-01
340180.97,RM6,2022-08-01
341566.28,RM6,2022-09-01
342330.6,RM6,2022-10-01
343503.3,RM6,2022-11-01
344516.16,RM6,2022-12-01
246025.34,DA18,2022-01-01
185732.31,DA18,2022-02-01
146817.34,DA18,2022-03-01
118886.32,DA18,2022-04-01
106300.7,DA18,2022-05-01
103309.5,DA18,2022-06-01
103017.73,DA18,2022-07-01
102932.96,DA18,2022-08-01
102848.21,DA18,2022-09-01
102750.914,DA18,2022-10-01
102666.15,DA18,2022-11-01
104231.11,DA18,2022-12-01
428232.03,IG2,2022-01-01
429884.1,IG2,2022-02-01
432915.78,IG2,2022-03-01
432491.62,IG2,2022-04-01
435621.03,IG2,2022-05-01
436313.28,IG2,2022-06-01
438001.56,IG2,2022-07-01
439968.34,IG2,2022-08-01
440932.34,IG2,2022-09-01
443090.06,IG2,2022-10-01
444222.0,IG2,2022-11-01
445985.9,IG2,2022-12-01
1070470.5,SW12,2022-01-01
1076364.5,SW12,2022-02-01
1081754.9,SW12,2022-03-01
1087648.9,SW12,2022-04-01
1093375.1,SW12,2022-05-01
1099269.0,SW12,2022-06-01
1104995.0,SW12,2022-07-01
1110889.0,SW12,2022-08-01
1116782.9,SW12,2022-09-01
1122509.2,SW12,2022-10-01
1128403.0,SW12,2022-11-01
1134129.1,SW12,2022-12-01
583736.3,SE11,2022-01-01
594845.56,SE11,2022-02-01
594941.6,SE11,2022-03-01
599298.7,SE11,2022-04-01
605992.7,SE11,2022-05-01
606149.2,SE11,2022-06-01
614964.25,SE11,2022-07-01
614660.7,SE11,2022-08-01
621594.0,SE11,2022-09-01
624196.56,SE11,2022-10-01
628393.56,SE11,2022-11-01
633745.3,SE11,2022-12-01
481659.06,IG6,2022-01-01
483546.0,IG6,2022-02-01
485270.53,IG6,2022-03-01
487157.44,IG6,2022-04-01
488990.25,IG6,2022-05-01
490877.12,IG6,2022-06-01
492709.9,IG6,2022-07-01
494596.8,IG6,2022-08-01
496483.7,IG6,2022-09-01
498316.4,IG6,2022-10-01
500203.3,IG6,2022-11-01
502036.1,IG6,2022-12-01
1069159.1,W12,2022-01-01
1074966.5,W12,2022-02-01
1080011.6,W12,2022-03-01
1085626.0,W12,2022-04-01
1091131.0,W12,2022-05-01
1096781.0,W12,2022-06-01
1102193.5,W12,2022-07-01
1107840.5,W12,2022-08-01
1113507.0,W12,2022-09-01
1118942.8,W12,2022-10-01
1124565.0,W12,2022-11-01
1130040.8,W12,2022-12-01
509789.1,E11,2022-01-01
508029.88,E11,2022-02-01
509333.62,E11,2022-03-01
508689.22,E11,2022-04-01
512027.22,E11,2022-05-01
511181.6,E11,2022-06-01
514172.16,E11,2022-07-01
513277.6,E11,2022-08-01
516201.44,E11,2022-09-01
515409.7,E11,2022-10-01
518209.0,E11,2022-11-01
517559.34,E11,2022-12-01
515078.47,RM2,2022-01-01
517185.3,RM2,2022-02-01
519138.06,RM2,2022-03-01
521293.72,RM2,2022-04-01
523381.66,RM2,2022-05-01
525558.25,RM2,2022-06-01
527670.44,RM2,2022-07-01
529851.25,RM2,2022-08-01
532032.06,RM2,2022-09-01
534158.56,RM2,2022-10-01
536393.06,RM2,2022-11-01
538558.0,RM2,2022-12-01
378166.75,TW13,2022-01-01
379918.4,TW13,2022-02-01
380806.84,TW13,2022-03-01
382491.62,TW13,2022-04-01
383534.62,TW13,2022-05-01
385164.38,TW13,2022-06-01
386257.34,TW13,2022-07-01
387841.78,TW13,2022-08-01
389022.78,TW13,2022-09-01
390522.9,TW13,2022-10-01
391737.94,TW13,2022-11-01
393207.25,TW13,2022-12-01
294680.44,SE28,2022-01-01
296001.06,SE28,2022-02-01
297219.88,SE28,2022-03-01
298573.9,SE28,2022-04-01
299882.84,SE28,2022-05-01
301236.9,SE28,2022-06-01
302545.84,SE28,2022-07-01
303899.8,SE28,2022-08-01
305253.88,SE28,2022-09-01
306562.8,SE28,2022-10-01
307916.78,SE28,2022-11-01
309225.78,SE28,2022-12-01
756337.56,N2,2022-01-01
766814.0,N2,2022-02-01
768058.94,N2,2022-03-01
777605.56,N2,2022-04-01
785276.1,N2,2022-05-01
788725.75,N2,2022-06-01
799052.56,N2,2022-07-01
805030.94,N2,2022-08-01
809904.4,N2,2022-09-01
820301.3,N2,2022-10-01
824830.25,N2,2022-11-01
831207.2,N2,2022-12-01
634327.3,KT5,2022-01-01
636550.8,KT5,2022-02-01
639259.06,KT5,2022-03-01
640481.9,KT5,2022-04-01
644496.1,KT5,2022-05-01
645021.9,KT5,2022-06-01
649043.1,KT5,2022-07-01
650211.06,KT5,2022-08-01
653147.94,KT5,2022-09-01
655699.25,KT5,2022-10-01
657149.25,KT5,2022-11-01
660948.3,KT5,2022-12-01
410599.66,UB5,2022-01-01
412106.06,UB5,2022-02-01
414475.22,UB5,2022-03-01
414738.88,UB5,2022-04-01
415873.0,UB5,2022-05-01
417892.66,UB5,2022-06-01
417609.3,UB5,2022-07-01
420407.03,UB5,2022-08-01
420088.28,UB5,2022-09-01
422323.06,UB5,2022-10-01
422921.5,UB5,2022-11-01
424082.12,UB5,2022-12-01
1359598.4,TW9,2022-01-01
1364628.2,TW9,2022-02-01
1368803.0,TW9,2022-03-01
1373955.6,TW9,2022-04-01
1378391.1,TW9,2022-05-01
1383597.0,TW9,2022-06-01
1388046.2,TW9,2022-07-01
1393238.2,TW9,2022-08-01
1397857.1,TW9,2022-09-01
1402879.9,TW9,2022-10-01
1407511.9,TW9,2022-11-01
1412522.2,TW9,2022-12-01
473800.47,CR5,2022-01-01
478524.72,CR5,2022-02-01
477853.47,CR5,2022-03-01
480384.44,CR5,2022-04-01
480395.16,CR5,2022-05-01
481814.8,CR5,2022-06-01
483056.34,CR5,2022-07-01
483319.75,CR5,2022-08-01
485543.06,CR5,2022-09-01
485180.47,CR5,2022-10-01
487554.62,CR5,2022-11-01
487478.1,CR5,2022-12-01
495484.06,DA7,2022-01-01
496934.25,DA7,2022-02-01
497837.6,DA7,2022-03-01
498770.84,DA7,2022-04-01
500435.38,DA7,2022-05-01
500844.5,DA7,2022-06-01
502884.78,DA7,2022-07-01
503073.03,DA7,2022-08-01
505239.1,DA7,2022-09-01
505438.47,DA7,2022-10-01
507422.03,DA7,2022-11-01
507894.06,DA7,2022-12-01
581751.25,W9,2022-01-01
581819.44,W9,2022-02-01
584019.7,W9,2022-03-01
574493.3,W9,2022-04-01
585370.3,W9,2022-05-01
572572.25,W9,2022-06-01
585168.7,W9,2022-07-01
573314.75,W9,2022-08-01
583034.1,W9,2022-09-01
574029.94,W9,2022-10-01
579028.44,W9,2022-11-01
574720.1,W9,2022-12-01
451373.8,SE8,2022-01-01
452754.62,SE8,2022-02-01
454119.53,SE8,2022-03-01
455644.28,SE8,2022-04-01
457130.75,SE8,2022-05-01
458656.34,SE8,2022-06-01
460142.9,SE8,2022-07-01
461668.5,SE8,2022-08-01
463210.28,SE8,2022-09-01
464680.78,SE8,2022-10-01
466222.47,SE8,2022-11-01
467692.9,SE8,2022-12-01
383077.53,UB1,2022-01-01
380656.3,UB1,2022-02-01
381547.53,UB1,2022-03-01
382446.12,UB1,2022-04-01
383067.3,UB1,2022-05-01
383973.72,UB1,2022-06-01
384625.56,UB1,2022-07-01
385500.88,UB1,2022-08-01
386243.94,UB1,2022-09-01
387146.34,UB1,2022-10-01
387994.38,UB1,2022-11-01
388883.25,UB1,2022-12-01
810586.6,KT1,2022-01-01
814068.06,KT1,2022-02-01
816931.75,KT1,2022-03-01
820798.1,KT1,2022-04-01
822628.2,KT1,2022-05-01
826822.2,KT1,2022-06-01
829045.94,KT1,2022-07-01
832249.94,KT1,2022-08-01
835793.25,KT1,2022-09-01
837854.5,KT1,2022-10-01
841936.1,KT1,2022-11-01
844115.44,KT1,2022-12-01
3136085.2,N6,2022-01-01
3120814.2,N6,2022-02-01
3124958.5,N6,2022-03-01
3187383.0,N6,2022-04-01
3138934.5,N6,2022-05-01
3214118.2,N6,2022-06-01
3195720.0,N6,2022-07-01
3213422.5,N6,2022-08-01
3257566.2,N6,2022-09-01
3229717.2,N6,2022-10-01
3288895.5,N6,2022-11-01
3277253.2,N6,2022-12-01
516346.2,CR2,2022-01-01
520005.34,CR2,2022-02-01
520171.88,CR2,2022-03-01
522122.97,CR2,2022-04-01
524975.3,CR2,2022-05-01
525304.4,CR2,2022-06-01
527645.94,CR2,2022-07-01
530006.25,CR2,2022-08-01
530582.5,CR2,2022-09-01
533142.4,CR2,2022-10-01
535036.6,CR2,2022-11-01
535879.8,CR2,2022-12-01
740044.7,N19,2022-01-01
742812.56,N19,2022-02-01
749413.6,N19,2022-03-01
751316.9,N19,2022-04-01
758300.0,N19,2022-05-01
760749.0,N19,2022-06-01
766296.4,N19,2022-07-01
771295.7,N19,2022-08-01
774482.5,N19,2022-09-01
781969.3,N19,2022-10-01
783125.2,N19,2022-11-01
791839.44,N19,2022-12-01
569233.3,WD3,2022-01-01
523136.72,WD3,2022-02-01
477008.38,WD3,2022-03-01
430934.56,WD3,2022-04-01
388088.38,WD3,2022-05-01
354534.84,WD3,2022-06-01
344910.78,WD3,2022-07-01
351762.5,WD3,2022-08-01
377223.03,WD3,2022-09-01
416599.06,WD3,2022-10-01
467839.28,WD3,2022-11-01
524953.3,WD3,2022-12-01
746778.8,N20,2022-01-01
753494.75,N20,2022-02-01
752294.2,N20,2022-03-01
759213.94,N20,2022-04-01
762561.94,N20,2022-05-01
767323.75,N20,2022-06-01
770307.8,N20,2022-07-01
775465.8,N20,2022-08-01
778677.4,N20,2022-09-01
783470.5,N20,2022-10-01
787140.06,N20,2022-11-01
791895.7,N20,2022-12-01
494225.28,UB6,2022-01-01
498367.47,UB6,2022-02-01
497809.28,UB6,2022-03-01
500161.88,UB6,2022-04-01
501865.8,UB6,2022-05-01
502126.34,UB6,2022-06-01
505503.06,UB6,2022-07-01
504774.8,UB6,2022-08-01
508390.1,UB6,2022-09-01
508204.34,UB6,2022-10-01
510601.4,UB6,2022-11-01
511990.47,UB6,2022-12-01
533165.75,KT6,2022-01-01
535312.8,KT6,2022-02-01
537272.06,KT6,2022-03-01
539431.94,KT6,2022-04-01
541524.9,KT6,2022-05-01
543684.9,KT6,2022-06-01
545777.8,KT6,2022-07-01
547937.75,KT6,2022-08-01
550097.56,KT6,2022-09-01
552190.6,KT6,2022-10-01
554350.5,KT6,2022-11-01
556443.56,KT6,2022-12-01
1118108.1,N1,2022-01-01
1118223.4,N1,2022-02-01
1115085.9,N1,2022-03-01
1122068.9,N1,2022-04-01
1129252.0,N1,2022-05-01
1133541.6,N1,2022-06-01
1137845.8,N1,2022-07-01
1143333.2,N1,2022-08-01
1148710.1,N1,2022-09-01
1153607.2,N1,2022-10-01
1158784.2,N1,2022-11-01
1163891.1,N1,2022-12-01
522808.66,SW9,2022-01-01
526897.3,SW9,2022-02-01
528671.6,SW9,2022-03-01
532253.1,SW9,2022-04-01
534880.0,SW9,2022-05-01
537715.0,SW9,2022-06-01
541072.25,SW9,2022-07-01
543393.7,SW9,2022-08-01
547182.0,SW9,2022-09-01
549311.0,SW9,2022-10-01
553003.94,SW9,2022-11-01
555392.94,SW9,2022-12-01
1011044.3,N5,2022-01-01
1016036.8,N5,2022-02-01
1020562.8,N5,2022-03-01
1026631.0,N5,2022-04-01
1031031.25,N5,2022-05-01
1036642.8,N5,2022-06-01
1041843.6,N5,2022-07-01
1046588.25,N5,2022-08-01
1052563.6,N5,2022-09-01
1056986.9,N5,2022-10-01
1062632.8,N5,2022-11-01
1067732.4,N5,2022-12-01
628119.6,E8,2022-01-01
631923.5,E8,2022-02-01
635369.4,E8,2022-03-01
639173.2,E8,2022-04-01
642857.6,E8,2022-05-01
646775.3,E8,2022-06-01
650573.2,E8,2022-07-01
654563.75,E8,2022-08-01
658837.1,E8,2022-09-01
662973.56,E8,2022-10-01
667246.8,E8,2022-11-01
671383.4,E8,2022-12-01
706557.94,KT2,2022-01-01
711028.8,KT2,2022-02-01
713314.06,KT2,2022-03-01
715593.2,KT2,2022-04-01
720121.3,KT2,2022-05-01
720847.56,KT2,2022-06-01
724414.06,KT2,2022-07-01
726068.6,KT2,2022-08-01
727988.2,KT2,2022-09-01
732209.3,KT2,2022-10-01
732415.7,KT2,2022-11-01
737025.2,KT2,2022-12-01
457318.06,UB2,2022-01-01
463621.78,UB2,2022-02-01
460679.9,UB2,2022-03-01
466176.0,UB2,2022-04-01
468628.38,UB2,2022-05-01
467942.84,UB2,2022-06-01
475864.53,UB2,2022-07-01
471644.66,UB2,2022-08-01
480515.25,UB2,2022-09-01
477962.1,UB2,2022-10-01
482860.72,UB2,2022-11-01
485627.88,UB2,2022-12-01
678595.94,HA8,2022-01-01
680464.4,HA8,2022-02-01
682109.1,HA8,2022-03-01
683977.5,HA8,2022-04-01
685771.25,HA8,2022-05-01
687639.75,HA8,2022-06-01
689433.7,HA8,2022-07-01
691302.1,HA8,2022-08-01
693170.4,HA8,2022-09-01
694964.44,HA8,2022-10-01
696832.75,HA8,2022-11-01
698626.75,HA8,2022-12-01
975770.25,SW15,2022-01-01
978709.7,SW15,2022-02-01
982145.3,SW15,2022-03-01
986056.06,SW15,2022-04-01
989889.5,SW15,2022-05-01
993857.1,SW15,2022-06-01
997690.7,SW15,2022-07-01
1001658.4,SW15,2022-08-01
1005686.06,SW15,2022-09-01
1009605.44,SW15,2022-10-01
1013661.5,SW15,2022-11-01
1017581.1,SW15,2022-12-01
553449.44,SE16,2022-01-01
545894.8,SE16,2022-02-01
541770.6,SE16,2022-03-01
554097.44,SE16,2022-04-01
540458.4,SE16,2022-05-01
548030.25,SE16,2022-06-01
556098.3,SE16,2022-07-01
541762.7,SE16,2022-08-01
553639.6,SE16,2022-09-01
556469.5,SE16,2022-10-01
544282.0,SE16,2022-11-01
558829.25,SE16,2022-12-01
218105.6,RM5,2022-01-01
218345.67,RM5,2022-02-01
218961.39,RM5,2022-03-01
219618.25,RM5,2022-04-01
219804.11,RM5,2022-05-01
220638.69,RM5,2022-06-01
221008.66,RM5,2022-07-01
221425.03,RM5,2022-08-01
222215.02,RM5,2022-09-01
222446.69,RM5,2022-10-01
223094.72,RM5,2022-11-01
223678.97,RM5,2022-12-01
412491.97,E16,2022-01-01
413497.5,E16,2022-02-01
414578.03,E16,2022-03-01
415550.47,E16,2022-04-01
416497.2,E16,2022-05-01
417469.7,E16,2022-06-01
418416.3,E16,2022-07-01
419388.88,E16,2022-08-01
420361.38,E16,2022-09-01
421308.06,E16,2022-10-01
422280.5,E16,2022-11-01
423252.5,E16,2022-12-01
502319.62,SE12,2022-01-01
505066.75,SE12,2022-02-01
507075.25,SE12,2022-03-01
509522.6,SE12,2022-04-01
512105.5,SE12,2022-05-01
514493.88,SE12,2022-06-01
517092.75,SE12,2022-07-01
519484.0,SE12,2022-08-01
522087.5,SE12,2022-09-01
524527.75,SE12,2022-10-01
526989.25,SE12,2022-11-01
529552.3,SE12,2022-12-01
1055165.4,EC4,2022-01-01
1048590.2,EC4,2022-02-01
1045172.2,EC4,2022-03-01
1053606.2,EC4,2022-04-01
1069302.4,EC4,2022-05-01
1069789.5,EC4,2022-06-01
1061910.9,EC4,2022-07-01
1065223.0,EC4,2022-08-01
1079322.8,EC4,2022-09-01
1087145.9,EC4,2022-10-01
1081871.2,EC4,2022-11-01
1079380.2,EC4,2022-12-01
1240431.0,SW11,2022-01-01
1246734.4,SW11,2022-02-01
1250080.1,SW11,2022-03-01
1255330.5,SW11,2022-04-01
1259245.8,SW11,2022-05-01
1264378.8,SW11,2022-06-01
1268365.4,SW11,2022-07-01
1273440.1,SW11,2022-08-01
1277614.2,SW11,2022-09-01
1282505.1,SW11,2022-10-01
1286725.8,SW11,2022-11-01
1291572.5,SW11,2022-12-01
859585.9,TW10,2022-01-01
864796.75,TW10,2022-02-01
881209.4,TW10,2022-03-01
886823.94,TW10,2022-04-01
894736.3,TW10,2022-05-01
900181.94,TW10,2022-06-01
906537.2,TW10,2022-07-01
911969.7,TW10,2022-08-01
917948.06,TW10,2022-09-01
923424.75,TW10,2022-10-01
929086.7,TW10,2022-11-01
934801.44,TW10,2022-12-01
360243.0,RM1,2022-01-01
362094.84,RM1,2022-02-01
363793.88,RM1,2022-03-01
365645.72,RM1,2022-04-01
367446.66,RM1,2022-05-01
369334.56,RM1,2022-06-01
371191.16,RM1,2022-07-01
373100.88,RM1,2022-08-01
375023.6,RM1,2022-09-01
376897.66,RM1,2022-10-01
378847.44,RM1,2022-11-01
380761.47,RM1,2022-12-01
458117.8,E12,2022-01-01
460591.7,E12,2022-02-01
462869.62,E12,2022-03-01
465388.88,E12,2022-04-01
467827.62,E12,2022-05-01
470346.97,E12,2022-06-01
472785.84,E12,2022-07-01
475305.03,E12,2022-08-01
477824.38,E12,2022-09-01
480263.22,E12,2022-10-01
482790.72,E12,2022-11-01
485341.22,E12,2022-12-01
4926807.0,W11,2022-01-01
4928459.5,W11,2022-02-01
4958392.5,W11,2022-03-01
4997192.5,W11,2022-04-01
5038294.5,W11,2022-05-01
5081750.0,W11,2022-06-01
5124282.0,W11,2022-07-01
5168369.0,W11,2022-08-01
5212446.5,W11,2022-09-01
5255297.0,W11,2022-10-01
5299408.0,W11,2022-11-01
5342272.5,W11,2022-12-01
488316.78,IG5,2022-01-01
490540.47,IG5,2022-02-01
491772.88,IG5,2022-03-01
493548.25,IG5,2022-04-01
495817.75,IG5,2022-05-01
497558.72,IG5,2022-06-01
499020.66,IG5,2022-07-01
501261.62,IG5,2022-08-01
503311.47,IG5,2022-09-01
504777.78,IG5,2022-10-01
506801.4,IG5,2022-11-01
509030.12,IG5,2022-12-01
786785.0,NW4,2022-01-01
790465.1,NW4,2022-02-01
794363.44,NW4,2022-03-01
797987.3,NW4,2022-04-01
801818.06,NW4,2022-05-01
806016.25,NW4,2022-06-01
809857.06,NW4,2022-07-01
813535.0,NW4,2022-08-01
817420.75,NW4,2022-09-01
821512.06,NW4,2022-10-01
825587.9,NW4,2022-11-01
829235.8,NW4,2022-12-01
833554.94,HA6,2022-01-01
837111.1,HA6,2022-02-01
840492.94,HA6,2022-03-01
843869.6,HA6,2022-04-01
847674.2,HA6,2022-05-01
850923.2,HA6,2022-06-01
854787.94,HA6,2022-07-01
858046.8,HA6,2022-08-01
861954.0,HA6,2022-09-01
865225.94,HA6,2022-10-01
868960.8,HA6,2022-11-01
872428.44,HA6,2022-12-01
334463.44,SE18,2022-01-01
335871.66,SE18,2022-02-01
337157.88,SE18,2022-03-01
338612.38,SE18,2022-04-01
339970.34,SE18,2022-05-01
341430.2,SE18,2022-06-01
342809.88,SE18,2022-07-01
344419.97,SE18,2022-08-01
345694.38,SE18,2022-09-01
347642.06,SE18,2022-10-01
348683.62,SE18,2022-11-01
350275.78,SE18,2022-12-01
417420.9,DA15,2022-01-01
419403.03,DA15,2022-02-01
421325.5,DA15,2022-03-01
423106.5,DA15,2022-04-01
425213.28,DA15,2022-05-01
427097.78,DA15,2022-06-01
429032.38,DA15,2022-07-01
431138.25,DA15,2022-08-01
432974.56,DA15,2022-09-01
435062.94,DA15,2022-10-01
437060.8,DA15,2022-11-01
439054.78,DA15,2022-12-01
728464.3,BR2,2022-01-01
727802.2,BR2,2022-02-01
733602.25,BR2,2022-03-01
733894.25,BR2,2022-04-01
739111.56,BR2,2022-05-01
740111.06,BR2,2022-06-01
744728.44,BR2,2022-07-01
746252.4,BR2,2022-08-01
750540.2,BR2,2022-09-01
752338.94,BR2,2022-10-01
756298.8,BR2,2022-11-01
758386.06,BR2,2022-12-01
658186.5,E18,2022-01-01
661053.56,E18,2022-02-01
663642.0,E18,2022-03-01
666509.0,E18,2022-04-01
669283.1,E18,2022-05-01
672150.06,E18,2022-06-01
674924.25,E18,2022-07-01
677799.5,E18,2022-08-01
680697.2,E18,2022-09-01
683500.7,E18,2022-10-01
686398.5,E18,2022-11-01
689201.8,E18,2022-12-01
981559.1,SE21,2022-01-01
988204.7,SE21,2022-02-01
994212.2,SE21,2022-03-01
1000857.7,SE21,2022-04-01
1007290.56,SE21,2022-05-01
1013936.0,SE21,2022-06-01
1020369.0,SE21,2022-07-01
1027014.7,SE21,2022-08-01
1033659.94,SE21,2022-09-01
1040092.94,SE21,2022-10-01
1046738.44,SE21,2022-11-01
1053171.1,SE21,2022-12-01
536912.25,HA2,2022-01-01
540454.7,HA2,2022-02-01
541627.94,HA2,2022-03-01
543371.94,HA2,2022-04-01
544991.2,HA2,2022-05-01
546682.75,HA2,2022-06-01
548322.06,HA2,2022-07-01
550134.94,HA2,2022-08-01
551947.94,HA2,2022-09-01
553698.6,HA2,2022-10-01
555511.6,HA2,2022-11-01
557262.3,HA2,2022-12-01
375381.4,SE25,2022-01-01
378239.66,SE25,2022-02-01
379280.9,SE25,2022-03-01
382034.4,SE25,2022-04-01
383291.94,SE25,2022-05-01
385953.8,SE25,2022-06-01
387297.38,SE25,2022-07-01
389878.7,SE25,2022-08-01
391356.75,SE25,2022-09-01
393808.53,SE25,2022-10-01
395352.47,SE25,2022-11-01
397742.44,SE25,2022-12-01
671236.0,BR6,2022-01-01
673945.6,BR6,2022-02-01
676385.25,BR6,2022-03-01
679094.8,BR6,2022-04-01
681714.3,BR6,2022-05-01
684423.94,BR6,2022-06-01
687043.44,BR6,2022-07-01
689752.94,BR6,2022-08-01
692462.56,BR6,2022-09-01
695082.06,BR6,2022-10-01
697791.56,BR6,2022-11-01
700411.1,BR6,2022-12-01
451147.12,N17,2022-01-01
453661.44,N17,2022-02-01
455921.78,N17,2022-03-01
458436.0,N17,2022-04-01
460865.62,N17,2022-05-01
463379.97,N17,2022-06-01
465809.56,N17,2022-07-01
468323.8,N17,2022-08-01
470838.16,N17,2022-09-01
473267.7,N17,2022-10-01
475782.03,N17,2022-11-01
478211.6,N17,2022-12-01
462004.53,RM12,2022-01-01
463087.03,RM12,2022-02-01
464028.44,RM12,2022-03-01
465173.84,RM12,2022-04-01
466427.78,RM12,2022-05-01
467738.47,RM12,2022-06-01
468992.47,RM12,2022-07-01
470303.12,RM12,2022-08-01
471616.97,RM12,2022-09-01
473056.44,RM12,2022-10-01
474580.9,RM12,2022-11-01
476048.38,RM12,2022-12-01
465162.84,SM5,2022-01-01
467322.94,SM5,2022-02-01
469267.88,SM5,2022-03-01
471427.8,SM5,2022-04-01
473516.16,SM5,2022-05-01
475676.16,SM5,2022-06-01
477764.56,SM5,2022-07-01
479924.5,SM5,2022-08-01
482084.56,SM5,2022-09-01
484172.8,SM5,2022-10-01
486332.94,SM5,2022-11-01
488421.25,SM5,2022-12-01
590918.06,TN16,2022-01-01
592990.7,TN16,2022-02-01
595317.1,TN16,2022-03-01
596932.9,TN16,2022-04-01
599387.1,TN16,2022-05-01
601006.25,TN16,2022-06-01
603454.06,TN16,2022-07-01
605092.1,TN16,2022-08-01
607580.6,TN16,2022-09-01
609177.44,TN16,2022-10-01
611648.3,TN16,2022-11-01
613262.5,TN16,2022-12-01
4188810.0,SW3,2022-01-01
4173947.8,SW3,2022-02-01
4182971.8,SW3,2022-03-01
4224697.0,SW3,2022-04-01
4270948.0,SW3,2022-05-01
4296555.0,SW3,2022-06-01
4300622.0,SW3,2022-07-01
4307618.5,SW3,2022-08-01
4333752.5,SW3,2022-09-01
4371900.0,SW3,2022-10-01
4404452.0,SW3,2022-11-01
4420636.0,SW3,2022-12-01
1007658.0,EN4,2022-01-01
1017879.6,EN4,2022-02-01
1019141.4,EN4,2022-03-01
1014881.94,EN4,2022-04-01
1019935.7,EN4,2022-05-01
1029421.8,EN4,2022-06-01
1028974.75,EN4,2022-07-01
1025700.5,EN4,2022-08-01
1032533.06,EN4,2022-09-01
1040732.56,EN4,2022-10-01
1038860.2,EN4,2022-11-01
1036906.4,EN4,2022-12-01
441348.6,TW4,2022-01-01
442726.3,TW4,2022-02-01
443971.44,TW4,2022-03-01
445350.0,TW4,2022-04-01
446684.12,TW4,2022-05-01
448062.7,TW4,2022-06-01
449396.66,TW4,2022-07-01
450775.16,TW4,2022-08-01
452153.84,TW4,2022-09-01
453487.97,TW4,2022-10-01
454866.53,TW4,2022-11-01
456200.66,TW4,2022-12-01
1014903.94,SE1,2022-01-01
1027264.56,SE1,2022-02-01
1041454.5,SE1,2022-03-01
1033410.1,SE1,2022-04-01
1035604.3,SE1,2022-05-01
1052875.6,SE1,2022-06-01
1058675.8,SE1,2022-07-01
1050295.9,SE1,2022-08-01
1059997.0,SE1,2022-09-01
1077634.8,SE1,2022-10-01
1073953.5,SE1,2022-11-01
1069738.6,SE1,2022-12-01
415352.97,UB8,2022-01-01
415763.72,UB8,2022-02-01
417264.25,UB8,2022-03-01
418935.78,UB8,2022-04-01
420531.97,UB8,2022-05-01
421945.3,UB8,2022-06-01
423531.78,UB8,2022-07-01
425170.62,UB8,2022-08-01
426798.34,UB8,2022-09-01
428398.44,UB8,2022-10-01
430029.8,UB8,2022-11-01
431707.44,UB8,2022-12-01
,KT8,2022-01-01
,KT8,2022-02-01
,KT8,2022-03-01
,KT8,2022-04-01
,KT8,2022-05-01
,KT8,2022-06-01
,KT8,2022-07-01
,KT8,2022-08-01
,KT8,2022-09-01
,KT8,2022-10-01
,KT8,2022-11-01
,KT8,2022-12-01
509278.06,E2,2022-01-01
510950.16,E2,2022-02-01
513079.78,E2,2022-03-01
514436.7,E2,2022-04-01
516342.4,E2,2022-05-01
518945.38,E2,2022-06-01
520541.38,E2,2022-07-01
522398.72,E2,2022-08-01
525011.75,E2,2022-09-01
526844.7,E2,2022-10-01
528698.0,E2,2022-11-01
531222.06,E2,2022-12-01
726620.2,NW10,2022-01-01
731953.25,NW10,2022-02-01
736910.75,NW10,2022-03-01
742581.44,NW10,2022-04-01
748106.56,NW10,2022-05-01
753836.9,NW10,2022-06-01
759651.2,NW10,2022-07-01
765631.44,NW10,2022-08-01
771611.7,NW10,2022-09-01
777426.1,NW10,2022-10-01
783406.56,NW10,2022-11-01
789221.0,NW10,2022-12-01
1321194.2,W4,2022-01-01
1328247.5,W4,2022-02-01
1335115.0,W4,2022-03-01
1342671.9,W4,2022-04-01
1350009.8,W4,2022-05-01
1357567.2,W4,2022-06-01
1364905.0,W4,2022-07-01
1372462.4,W4,2022-08-01
1380035.2,W4,2022-09-01
1387357.4,W4,2022-10-01
1394930.2,W4,2022-11-01
1402252.8,W4,2022-12-01
2681110.2,SW7,2022-01-01
2694186.5,SW7,2022-02-01
2705915.0,SW7,2022-03-01
2719545.8,SW7,2022-04-01
2733874.2,SW7,2022-05-01
2748726.2,SW7,2022-06-01
2763141.2,SW7,2022-07-01
2778068.2,SW7,2022-08-01
2793379.5,SW7,2022-09-01
2808929.2,SW7,2022-10-01
2825017.5,SW7,2022-11-01
2840604.2,SW7,2022-12-01
446385.0,SM1,2022-01-01
447844.56,SM1,2022-02-01
449160.38,SM1,2022-03-01
450619.84,SM1,2022-04-01
452031.53,SM1,2022-05-01
453508.44,SM1,2022-06-01
454941.84,SM1,2022-07-01
456422.72,SM1,2022-08-01
457903.75,SM1,2022-09-01
459337.12,SM1,2022-10-01
460818.16,SM1,2022-11-01
462251.5,SM1,2022-12-01
553649.56,N13,2022-01-01
548727.5,N13,2022-02-01
555658.6,N13,2022-03-01
554590.6,N13,2022-04-01
555624.4,N13,2022-05-01
561169.06,N13,2022-06-01
557534.56,N13,2022-07-01
564890.4,N13,2022-08-01
562433.25,N13,2022-09-01
565711.75,N13,2022-10-01
568802.4,N13,2022-11-01
567237.06,N13,2022-12-01
716319.25,CR8,2022-01-01
718991.0,CR8,2022-02-01
721411.44,CR8,2022-03-01
724083.1,CR8,2022-04-01
726670.94,CR8,2022-05-01
729342.75,CR8,2022-06-01
731930.56,CR8,2022-07-01
734602.44,CR8,2022-08-01
737274.06,CR8,2022-09-01
739862.06,CR8,2022-10-01
742533.7,CR8,2022-11-01
745121.6,CR8,2022-12-01
362589.75,E6,2022-01-01
363410.4,E6,2022-02-01
365258.78,E6,2022-03-01
366465.88,E6,2022-04-01
368040.6,E6,2022-05-01
369453.28,E6,2022-06-01
370922.6,E6,2022-07-01
372385.88,E6,2022-08-01
373869.28,E6,2022-09-01
375305.84,E6,2022-10-01
376784.22,E6,2022-11-01
378223.2,E6,2022-12-01
484025.56,SE5,2022-01-01
487866.3,SE5,2022-02-01
489345.84,SE5,2022-03-01
491888.72,SE5,2022-04-01
495226.8,SE5,2022-05-01
496805.9,SE5,2022-06-01
499981.5,SE5,2022-07-01
502583.44,SE5,2022-08-01
504830.4,SE5,2022-09-01
508092.34,SE5,2022-10-01
510281.78,SE5,2022-11-01
512964.12,SE5,2022-12-01
652518.5,W3,2022-01-01
655593.8,W3,2022-02-01
654735.5,W3,2022-03-01
662588.5,W3,2022-04-01
663977.4,W3,2022-05-01
669053.44,W3,2022-06-01
671767.0,W3,2022-07-01
676712.44,W3,2022-08-01
679320.3,W3,2022-09-01
684268.3,W3,2022-10-01
686915.2,W3,2022-11-01
691742.2,W3,2022-12-01
575491.25,E15E20,2022-01-01
598977.7,E15E20,2022-02-01
572405.7,E15E20,2022-03-01
584585.1,E15E20,2022-04-01
581986.4,E15E20,2022-05-01
583199.4,E15E20,2022-06-01
584015.6,E15E20,2022-07-01
584808.2,E15E20,2022-08-01
585755.06,E15E20,2022-09-01
586580.5,E15E20,2022-10-01
587483.94,E15E20,2022-11-01
588321.94,E15E20,2022-12-01
638320.44,RM11,2022-01-01
641166.2,RM11,2022-02-01
643744.4,RM11,2022-03-01
646590.25,RM11,2022-04-01
649346.75,RM11,2022-05-01
652192.56,RM11,2022-06-01
654949.1,RM11,2022-07-01
657794.94,RM11,2022-08-01
660640.6,RM11,2022-09-01
663397.25,RM11,2022-10-01
666243.0,RM11,2022-11-01
668999.6,RM11,2022-12-01
525996.25,SM6,2022-01-01
529975.2,SM6,2022-02-01
534681.9,SM6,2022-03-01
533703.94,SM6,2022-04-01
536518.06,SM6,2022-05-01
540631.0,SM6,2022-06-01
540059.56,SM6,2022-07-01
543414.06,SM6,2022-08-01
546758.56,SM6,2022-09-01
546395.4,SM6,2022-10-01
550340.9,SM6,2022-11-01
552720.56,SM6,2022-12-01
707403.0,N14,2022-01-01
707390.9,N14,2022-02-01
711644.2,N14,2022-03-01
712654.3,N14,2022-04-01
715398.06,N14,2022-05-01
718568.9,N14,2022-06-01
719422.44,N14,2022-07-01
723654.6,N14,2022-08-01
724631.75,N14,2022-09-01
727738.94,N14,2022-10-01
730357.2,N14,2022-11-01
731768.4,N14,2022-12-01
630721.9,E1,2022-01-01
641429.4,E1,2022-02-01
664193.9,E1,2022-03-01
681094.25,E1,2022-04-01
665465.8,E1,2022-05-01
652279.25,E1,2022-06-01
641957.1,E1,2022-07-01
638581.25,E1,2022-08-01
640338.8,E1,2022-09-01
646005.94,E1,2022-10-01
655191.4,E1,2022-11-01
665571.4,E1,2022-12-01
395949.25,SE2,2022-01-01
397660.75,SE2,2022-02-01
399229.38,SE2,2022-03-01
400940.88,SE2,2022-04-01
402604.62,SE2,2022-05-01
404316.16,SE2,2022-06-01
405980.03,SE2,2022-07-01
407691.5,SE2,2022-08-01
409403.0,SE2,2022-09-01
411066.94,SE2,2022-10-01
412778.4,SE2,2022-11-01
414442.28,SE2,2022-12-01
431240.72,TW7,2022-01-01
430899.1,TW7,2022-02-01
432231.72,TW7,2022-03-01
432784.62,TW7,2022-04-01
434190.75,TW7,2022-05-01
434772.28,TW7,2022-06-01
436163.72,TW7,2022-07-01
436817.12,TW7,2022-08-01
438247.34,TW7,2022-09-01
438871.6,TW7,2022-10-01
440289.03,TW7,2022-11-01
440925.97,TW7,2022-12-01
1084673.4,N10,2022-01-01
1099293.4,N10,2022-02-01
1108770.4,N10,2022-03-01
1104644.4,N10,2022-04-01
1122235.0,N10,2022-05-01
1116161.2,N10,2022-06-01
1131684.5,N10,2022-07-01
1131652.4,N10,2022-08-01
1138623.8,N10,2022-09-01
1147960.6,N10,2022-10-01
1146436.2,N10,2022-11-01
1161671.9,N10,2022-12-01
377215.78,SM2,2022-01-01
378502.97,SM2,2022-02-01
379509.6,SM2,2022-03-01
380658.72,SM2,2022-04-01
381766.84,SM2,2022-05-01
383023.62,SM2,2022-06-01
384368.16,SM2,2022-07-01
385883.25,SM2,2022-08-01
387398.38,SM2,2022-09-01
388870.88,SM2,2022-10-01
390454.7,SM2,2022-11-01
392057.7,SM2,2022-12-01
777481.25,SW4,2022-01-01
778200.6,SW4,2022-02-01
782172.7,SW4,2022-03-01
786636.94,SW4,2022-04-01
787356.9,SW4,2022-05-01
793232.3,SW4,2022-06-01
795073.44,SW4,2022-07-01
798796.9,SW4,2022-08-01
803616.56,SW4,2022-09-01
805191.9,SW4,2022-10-01
810673.6,SW4,2022-11-01
813211.3,SW4,2022-12-01
455776.56,IG1IG4,2022-01-01
458063.8,IG1IG4,2022-02-01
460129.03,IG1IG4,2022-03-01
462416.2,IG1IG4,2022-04-01
464629.34,IG1IG4,2022-05-01
466916.5,IG1IG4,2022-06-01
469129.72,IG1IG4,2022-07-01
471416.88,IG1IG4,2022-08-01
473704.03,IG1IG4,2022-09-01
475917.25,IG1IG4,2022-10-01
478204.38,IG1IG4,2022-11-01
480417.53,IG1IG4,2022-12-01
634316.75,W7,2022-01-01
637247.7,W7,2022-02-01
639717.7,W7,2022-03-01
642492.2,W7,2022-04-01
645175.94,W7,2022-05-01
647950.5,W7,2022-06-01
650634.25,W7,2022-07-01
653408.75,W7,2022-08-01
656183.2,W7,2022-09-01
658866.94,W7,2022-10-01
661641.5,W7,2022-11-01
664325.3,W7,2022-12-01
402733.94,TW3,2022-01-01
403935.66,TW3,2022-02-01
404728.56,TW3,2022-03-01
406662.8,TW3,2022-04-01
407310.97,TW3,2022-05-01
408971.78,TW3,2022-06-01
410139.75,TW3,2022-07-01
411342.47,TW3,2022-08-01
412953.72,TW3,2022-09-01
414011.47,TW3,2022-10-01
415488.1,TW3,2022-11-01
416749.34,TW3,2022-12-01
476518.06,SE6,2022-01-01
478229.4,SE6,2022-02-01
480233.06,SE6,2022-03-01
482468.84,SE6,2022-04-01
484627.25,SE6,2022-05-01
486862.9,SE6,2022-06-01
489021.3,SE6,2022-07-01
491256.94,SE6,2022-08-01
493492.8,SE6,2022-09-01
495651.22,SE6,2022-10-01
497887.03,SE6,2022-11-01
500045.22,SE6,2022-12-01
580205.25,E5,2022-01-01
581846.75,E5,2022-02-01
587956.1,E5,2022-03-01
589901.8,E5,2022-04-01
595177.25,E5,2022-05-01
598712.0,E5,2022-06-01
602341.5,E5,2022-07-01
607353.7,E5,2022-08-01
610052.56,E5,2022-09-01
615516.6,E5,2022-10-01
618256.8,E5,2022-11-01
623188.06,E5,2022-12-01
877861.7,N8,2022-01-01
881972.0,N8,2022-02-01
885776.44,N8,2022-03-01
889912.56,N8,2022-04-01
893938.0,N8,2022-05-01
898074.25,N8,2022-06-01
902099.8,N8,2022-07-01
906235.94,N8,2022-08-01
910372.1,N8,2022-09-01
914397.6,N8,2022-10-01
918533.6,N8,2022-11-01
922559.44,N8,2022-12-01
412084.88,BR5BR8,2022-01-01
413853.62,BR5BR8,2022-02-01
415448.3,BR5BR8,2022-03-01
417223.56,BR5BR8,2022-04-01
418938.56,BR5BR8,2022-05-01
420713.88,BR5BR8,2022-06-01
422428.88,BR5BR8,2022-07-01
424204.12,BR5BR8,2022-08-01
425979.38,BR5BR8,2022-09-01
427694.5,BR5BR8,2022-10-01
429469.66,BR5BR8,2022-11-01
431184.75,BR5BR8,2022-12-01
703146.06,SW18,2022-01-01
705382.7,SW18,2022-02-01
707416.3,SW18,2022-03-01
709653.4,SW18,2022-04-01
711989.8,SW18,2022-05-01
714400.94,SW18,2022-06-01
716969.4,SW18,2022-07-01
719665.25,SW18,2022-08-01
722361.1,SW18,2022-09-01
724978.7,SW18,2022-10-01
727674.6,SW18,2022-11-01
730292.5,SW18,2022-12-01
749047.3,HA5,2022-01-01
751481.75,HA5,2022-02-01
753670.8,HA5,2022-03-01
756105.25,HA5,2022-04-01
758457.8,HA5,2022-05-01
760892.2,HA5,2022-06-01
763244.8,HA5,2022-07-01
765679.06,HA5,2022-08-01
768113.4,HA5,2022-09-01
770466.0,HA5,2022-10-01
772900.44,HA5,2022-11-01
775276.7,HA5,2022-12-01
680674.25,NW7,2022-01-01
688970.5,NW7,2022-02-01
688823.0,NW7,2022-03-01
697120.4,NW7,2022-04-01
696864.25,NW7,2022-05-01
701934.6,NW7,2022-06-01
703228.44,NW7,2022-07-01
707115.75,NW7,2022-08-01
709299.25,NW7,2022-09-01
712541.0,NW7,2022-10-01
715092.94,NW7,2022-11-01
718082.9,NW7,2022-12-01
901328.94,SE22,2022-01-01
905317.8,SE22,2022-02-01
908274.2,SE22,2022-03-01
908077.3,SE22,2022-04-01
911731.8,SE22,2022-05-01
915188.56,SE22,2022-06-01
915130.56,SE22,2022-07-01
918479.75,SE22,2022-08-01
922076.5,SE22,2022-09-01
922982.5,SE22,2022-10-01
925981.7,SE22,2022-11-01
929275.1,SE22,2022-12-01
328773.0,RM8,2022-01-01
329275.03,RM8,2022-02-01
330154.06,RM8,2022-03-01
331489.12,RM8,2022-04-01
332799.22,RM8,2022-05-01
333974.7,RM8,2022-06-01
335021.47,RM8,2022-07-01
336315.38,RM8,2022-08-01
337682.28,RM8,2022-09-01
338808.25,RM8,2022-10-01
339914.03,RM8,2022-11-01
341168.5,RM8,2022-12-01
528112.25,BR1,2022-01-01
528796.1,BR1,2022-02-01
544594.8,BR1,2022-03-01
535264.9,BR1,2022-04-01
543603.5,BR1,2022-05-01
552648.7,BR1,2022-06-01
543317.94,BR1,2022-07-01
558597.06,BR1,2022-08-01
558162.4,BR1,2022-09-01
555158.9,BR1,2022-10-01
571050.25,BR1,2022-11-01
563446.0,BR1,2022-12-01
452171.6,DA16,2022-01-01
453504.97,DA16,2022-02-01
454662.22,DA16,2022-03-01
456044.6,DA16,2022-04-01
457364.22,DA16,2022-05-01
458746.62,DA16,2022-06-01
460066.06,DA16,2022-07-01
461448.66,DA16,2022-08-01
462831.1,DA16,2022-09-01
464150.6,DA16,2022-10-01
465554.5,DA16,2022-11-01
466944.53,DA16,2022-12-01
1912850.2,NW3,2022-01-01
1918415.0,NW3,2022-02-01
1930539.9,NW3,2022-03-01
1935346.8,NW3,2022-04-01
1950152.8,NW3,2022-05-01
1955742.1,NW3,2022-06-01
1966948.9,NW3,2022-07-01
1977170.2,NW3,2022-08-01
1986201.0,NW3,2022-09-01
1998026.1,NW3,2022-10-01
2006108.5,NW3,2022-11-01
2017760.0,NW3,2022-12-01
629678.56,HA1,2022-01-01
632758.44,HA1,2022-02-01
635556.3,HA1,2022-03-01
638636.06,HA1,2022-04-01
641622.0,HA1,2022-05-01
644701.75,HA1,2022-06-01
647687.56,HA1,2022-07-01
650767.4,HA1,2022-08-01
653847.25,HA1,2022-09-01
656833.0,HA1,2022-10-01
659912.8,HA1,2022-11-01
662898.75,HA1,2022-12-01
603121.5,IG8,2022-01-01
605542.0,IG8,2022-02-01
607722.2,IG8,2022-03-01
610142.7,IG8,2022-04-01
612483.0,IG8,2022-05-01
614903.44,IG8,2022-06-01
617243.9,IG8,2022-07-01
619664.2,IG8,2022-08-01
622084.75,IG8,2022-09-01
624425.25,IG8,2022-10-01
626845.6,IG8,2022-11-01
629186.0,IG8,2022-12-01
633195.06,UB10,2022-01-01
635286.2,UB10,2022-02-01
637183.94,UB10,2022-03-01
639275.1,UB10,2022-04-01
641301.75,UB10,2022-05-01
643392.8,UB10,2022-06-01
645419.56,UB10,2022-07-01
647510.75,UB10,2022-08-01
649602.0,UB10,2022-09-01
651628.7,UB10,2022-10-01
653719.9,UB10,2022-11-01
655746.56,UB10,2022-12-01
570585.0,SE26,2022-01-01
574052.56,SE26,2022-02-01
577229.06,SE26,2022-03-01
580725.75,SE26,2022-04-01
584115.75,SE26,2022-05-01
587612.44,SE26,2022-06-01
591002.4,SE26,2022-07-01
594499.06,SE26,2022-08-01
597995.75,SE26,2022-09-01
601385.6,SE26,2022-10-01
604882.4,SE26,2022-11-01
608272.4,SE26,2022-12-01
500661.66,SE7,2022-01-01
503443.1,SE7,2022-02-01
505915.78,SE7,2022-03-01
508637.2,SE7,2022-04-01
511275.8,SE7,2022-05-01
513997.12,SE7,2022-06-01
516635.7,SE7,2022-07-01
519357.1,SE7,2022-08-01
522078.47,SE7,2022-09-01
524717.06,SE7,2022-10-01
527438.6,SE7,2022-11-01
530077.0,SE7,2022-12-01
364699.25,N9,2022-01-01
365837.66,N9,2022-02-01
366838.75,N9,2022-03-01
367977.12,N9,2022-04-01
369069.75,N9,2022-05-01
370208.1,N9,2022-06-01
371300.7,N9,2022-07-01
372439.06,N9,2022-08-01
373577.47,N9,2022-09-01
374670.03,N9,2022-10-01
375808.34,N9,2022-11-01
376901.06,N9,2022-12-01
506048.1,E4,2022-01-01
508411.66,E4,2022-02-01
510664.16,E4,2022-03-01
513113.62,E4,2022-04-01
515440.53,E4,2022-05-01
517888.94,E4,2022-06-01
520210.3,E4,2022-07-01
522655.0,E4,2022-08-01
525052.1,E4,2022-09-01
527419.8,E4,2022-10-01
529819.3,E4,2022-11-01
532184.6,E4,2022-12-01
548737.75,TW2,2022-01-01
547653.4,TW2,2022-02-01
551831.2,TW2,2022-03-01
551492.56,TW2,2022-04-01
555423.44,TW2,2022-05-01
555539.44,TW2,2022-06-01
559036.25,TW2,2022-07-01
559570.4,TW2,2022-08-01
562934.06,TW2,2022-09-01
563587.44,TW2,2022-10-01
566773.06,TW2,2022-11-01
567592.44,TW2,2022-12-01
2195771.8,SW5,2022-01-01
2205593.0,SW5,2022-02-01
2215141.5,SW5,2022-03-01
2223426.8,SW5,2022-04-01
2232324.2,SW5,2022-05-01
2241964.2,SW5,2022-06-01
2250209.2,SW5,2022-07-01
2258931.2,SW5,2022-08-01
2268557.0,SW5,2022-09-01
2277079.5,SW5,2022-10-01
2285614.8,SW5,2022-11-01
2294800.5,SW5,2022-12-01
554228.2,RM14,2022-01-01
556568.25,RM14,2022-02-01
558289.3,RM14,2022-03-01
560337.9,RM14,2022-04-01
562590.7,RM14,2022-05-01
564469.0,RM14,2022-06-01
566762.06,RM14,2022-07-01
568672.7,RM14,2022-08-01
571036.44,RM14,2022-09-01
573002.0,RM14,2022-10-01
575311.1,RM14,2022-11-01
577332.2,RM14,2022-12-01
524382.2,SM3,2022-01-01
526172.0,SM3,2022-02-01
527919.56,SM3,2022-03-01
529838.56,SM3,2022-04-01
531704.9,SM3,2022-05-01
533624.0,SM3,2022-06-01
535490.1,SM3,2022-07-01
537409.25,SM3,2022-08-01
539328.1,SM3,2022-09-01
541194.5,SM3,2022-10-01
543113.56,SM3,2022-11-01
544979.8,SM3,2022-12-01
622284.6,EN2,2022-01-01
623297.2,EN2,2022-02-01
626000.9,EN2,2022-03-01
627080.8,EN2,2022-04-01
629837.2,EN2,2022-05-01
630979.9,EN2,2022-06-01
633675.9,EN2,2022-07-01
634876.8,EN2,2022-08-01
637575.5,EN2,2022-09-01
638771.7,EN2,2022-10-01
641418.1,EN2,2022-11-01
642664.75,EN2,2022-12-01
1125031.1,W6,2022-01-01
1123662.2,W6,2022-02-01
1131104.1,W6,2022-03-01
1130597.8,W6,2022-04-01
1138794.4,W6,2022-05-01
1138656.1,W6,2022-06-01
1145929.8,W6,2022-07-01
1147208.2,W6,2022-08-01
1152832.0,W6,2022-09-01
1155992.5,W6,2022-10-01
1159513.9,W6,2022-11-01
1164708.0,W6,2022-12-01
338241.16,DA8,2022-01-01
340183.5,DA8,2022-02-01
341234.6,DA8,2022-03-01
342365.12,DA8,2022-04-01
344247.6,DA8,2022-05-01
345002.62,DA8,2022-06-01
346918.28,DA8,2022-07-01
347974.0,DA8,2022-08-01
349398.28,DA8,2022-09-01
351021.56,DA8,2022-10-01
351929.7,DA8,2022-11-01
353829.88,DA8,2022-12-01
529267.6,N11,2022-01-01
531878.9,N11,2022-02-01
532336.1,N11,2022-03-01
535715.4,N11,2022-04-01
536767.56,N11,2022-05-01
539884.94,N11,2022-06-01
541115.2,N11,2022-07-01
544072.25,N11,2022-08-01
545522.56,N11,2022-09-01
548272.4,N11,2022-10-01
549845.7,N11,2022-11-01
552483.56,N11,2022-12-01
811978.5,SE3,2022-01-01
817815.3,SE3,2022-02-01
821145.06,SE3,2022-03-01
827470.56,SE3,2022-04-01
831597.0,SE3,2022-05-01
836473.75,SE3,2022-06-01
842464.75,SE3,2022-07-01
846179.06,SE3,2022-08-01
852350.9,SE3,2022-09-01
856956.25,SE3,2022-10-01
861530.9,SE3,2022-11-01
867536.1,SE3,2022-12-01
562726.7,N15,2022-01-01
566739.25,N15,2022-02-01
567441.2,N15,2022-03-01
570853.2,N15,2022-04-01
572533.2,N15,2022-05-01
574951.44,N15,2022-06-01
577948.1,N15,2022-07-01
579452.75,N15,2022-08-01
583179.4,N15,2022-09-01
584180.4,N15,2022-10-01
587761.75,N15,2022-11-01
589157.4,N15,2022-12-01
1120963.5,W2,2022-01-01
1119782.9,W2,2022-02-01
1124349.6,W2,2022-03-01
1122740.2,W2,2022-04-01
1127724.2,W2,2022-05-01
1125840.4,W2,2022-06-01
1131084.4,W2,2022-07-01
1128941.1,W2,2022-08-01
1134507.9,W2,2022-09-01
1132041.0,W2,2022-10-01
1137878.6,W2,2022-11-01
1135646.4,W2,2022-12-01
296958.62,RM10,2022-01-01
292255.62,RM10,2022-02-01
299166.3,RM10,2022-03-01
294318.75,RM10,2022-04-01
301052.28,RM10,2022-05-01
296813.12,RM10,2022-06-01
302592.84,RM10,2022-07-01
299617.56,RM10,2022-08-01
303898.94,RM10,2022-09-01
302634.3,RM10,2022-10-01
305020.97,RM10,2022-11-01
305741.44,RM10,2022-12-01
2737212.2,SW1,2022-01-01
2732950.5,SW1,2022-02-01
2774785.2,SW1,2022-03-01
2746250.2,SW1,2022-04-01
2764708.2,SW1,2022-05-01
2784894.8,SW1,2022-06-01
2768722.8,SW1,2022-07-01
2801544.0,SW1,2022-08-01
2794967.8,SW1,2022-09-01
2795272.2,SW1,2022-10-01
2829761.8,SW1,2022-11-01
2812141.5,SW1,2022-12-01
569134.25,SE27,2022-01-01
573777.8,SE27,2022-02-01
575504.8,SE27,2022-03-01
580115.4,SE27,2022-04-01
583002.94,SE27,2022-05-01
586550.5,SE27,2022-06-01
590708.3,SE27,2022-07-01
593797.5,SE27,2022-08-01
598409.3,SE27,2022-09-01
601696.06,SE27,2022-10-01
605829.6,SE27,2022-11-01
609782.44,SE27,2022-12-01
597721.25,BR4,2022-01-01
599768.3,BR4,2022-02-01
601719.2,BR4,2022-03-01
603735.25,BR4,2022-04-01
605725.06,BR4,2022-05-01
607819.8,BR4,2022-06-01
609991.8,BR4,2022-07-01
611914.75,BR4,2022-08-01
614104.8,BR4,2022-09-01
616263.2,BR4,2022-10-01
618200.8,BR4,2022-11-01
620411.2,BR4,2022-12-01
212486.84,IG9,2022-01-01
213352.61,IG9,2022-02-01
213492.78,IG9,2022-03-01
213926.27,IG9,2022-04-01
214249.6,IG9,2022-05-01
214620.58,IG9,2022-06-01
214967.66,IG9,2022-07-01
215329.61,IG9,2022-08-01
215689.42,IG9,2022-09-01
216040.73,IG9,2022-10-01
216401.05,IG9,2022-11-01
216752.16,IG9,2022-12-01
444154.28,HA0,2022-01-01
444868.22,HA0,2022-02-01
446743.2,HA0,2022-03-01
449047.66,HA0,2022-04-01
449834.66,HA0,2022-05-01
452290.5,HA0,2022-06-01
454134.2,HA0,2022-07-01
455171.47,HA0,2022-08-01
457748.94,HA0,2022-09-01
459324.53,HA0,2022-10-01
460669.5,HA0,2022-11-01
463085.12,HA0,2022-12-01
504369.16,NW2,2022-01-01
513540.28,NW2,2022-02-01
512072.38,NW2,2022-03-01
515056.9,NW2,2022-04-01
522497.97,NW2,2022-05-01
519562.03,NW2,2022-06-01
526597.44,NW2,2022-07-01
530034.6,NW2,2022-08-01
528685.7,NW2,2022-09-01
537636.8,NW2,2022-10-01
536845.25,NW2,2022-11-01
539345.3,NW2,2022-12-01
1135538.1,SW20,2022-01-01
1134954.4,SW20,2022-02-01
1141129.1,SW20,2022-03-01
1140471.6,SW20,2022-04-01
1147368.8,SW20,2022-05-01
1146690.6,SW20,2022-06-01
1153329.6,SW20,2022-07-01
1152899.0,SW20,2022-08-01
1159361.1,SW20,2022-09-01
1159104.5,SW20,2022-10-01
1165310.8,SW20,2022-11-01
1165301.5,SW20,2022-12-01
352316.38,DA17,2022-01-01
353665.75,DA17,2022-02-01
354881.7,DA17,2022-03-01
356231.06,DA17,2022-04-01
357535.94,DA17,2022-05-01
358885.25,DA17,2022-06-01
360190.16,DA17,2022-07-01
361539.47,DA17,2022-08-01
362888.8,DA17,2022-09-01
364193.7,DA17,2022-10-01
365543.03,DA17,2022-11-01
366847.9,DA17,2022-12-01
569495.56,SE23,2022-01-01
570235.2,SE23,2022-02-01
575363.0,SE23,2022-03-01
574151.6,SE23,2022-04-01
579837.06,SE23,2022-05-01
579371.5,SE23,2022-06-01
582902.56,SE23,2022-07-01
585449.9,SE23,2022-08-01
587161.3,SE23,2022-09-01
591198.94,SE23,2022-10-01
592538.5,SE23,2022-11-01
595482.7,SE23,2022-12-01
331769.16,RM9,2022-01-01
332050.28,RM9,2022-02-01
335783.25,RM9,2022-03-01
335387.5,RM9,2022-04-01
338761.97,RM9,2022-05-01
339378.47,RM9,2022-06-01
342317.44,RM9,2022-07-01
343193.5,RM9,2022-08-01
345858.2,RM9,2022-09-01
346958.8,RM9,2022-10-01
349426.6,RM9,2022-11-01
350698.28,RM9,2022-12-01
1171535.2,SW19,2022-01-01
1183455.9,SW19,2022-02-01
1189770.1,SW19,2022-03-01
1196699.1,SW19,2022-04-01
1207554.2,SW19,2022-05-01
1212857.5,SW19,2022-06-01
1222703.6,SW19,2022-07-01
1230770.1,SW19,2022-08-01
1237780.8,SW19,2022-09-01
1250266.1,SW19,2022-10-01
1260242.1,SW19,2022-11-01
1272627.8,SW19,2022-12-01
1006988.8,NW6,2022-01-01
1008562.2,NW6,2022-02-01
1010930.8,NW6,2022-03-01
1015769.56,NW6,2022-04-01
1018560.5,NW6,2022-05-01
1021288.1,NW6,2022-06-01
1024469.0,NW6,2022-07-01
1027396.2,NW6,2022-08-01
1030219.0,NW6,2022-09-01
1033049.8,NW6,2022-10-01
1035937.9,NW6,2022-11-01
1038674.75,NW6,2022-12-01
655038.7,HA4,2022-01-01
657470.3,HA4,2022-02-01
659684.1,HA4,2022-03-01
662137.6,HA4,2022-04-01
664511.06,HA4,2022-05-01
666964.44,HA4,2022-06-01
669337.75,HA4,2022-07-01
671791.4,HA4,2022-08-01
674244.9,HA4,2022-09-01
676618.1,HA4,2022-10-01
679071.8,HA4,2022-11-01
681445.25,HA4,2022-12-01
641055.6,BR7,2022-01-01
645314.44,BR7,2022-02-01
646319.7,BR7,2022-03-01
650360.06,BR7,2022-04-01
651786.1,BR7,2022-05-01
655616.2,BR7,2022-06-01
657234.94,BR7,2022-07-01
660888.5,BR7,2022-08-01
662763.56,BR7,2022-09-01
666174.2,BR7,2022-10-01
668185.4,BR7,2022-11-01
671471.3,BR7,2022-12-01
800368.4,SE24,2022-01-01
800947.8,SE24,2022-02-01
812994.44,SE24,2022-03-01
812186.6,SE24,2022-04-01
824626.0,SE24,2022-05-01
829118.0,SE24,2022-06-01
834402.9,SE24,2022-07-01
845363.0,SE24,2022-08-01
847388.5,SE24,2022-09-01
857827.9,SE24,2022-10-01
863273.4,SE24,2022-11-01
868932.06,SE24,2022-12-01
1387013.6,NW1,2022-01-01
1417890.8,NW1,2022-02-01
1421577.4,NW1,2022-03-01
1427880.0,NW1,2022-04-01
1434377.8,NW1,2022-05-01
1447291.5,NW1,2022-06-01
1445788.9,NW1,2022-07-01
1450619.2,NW1,2022-08-01
1457870.8,NW1,2022-09-01
1462562.8,NW1,2022-10-01
1464488.9,NW1,2022-11-01
1467828.9,NW1,2022-12-01
543138.5,HA3,2022-01-01
547182.6,HA3,2022-02-01
545856.44,HA3,2022-03-01
548237.1,HA3,2022-04-01
549256.44,HA3,2022-05-01
549334.94,HA3,2022-06-01
552356.25,HA3,2022-07-01
552842.06,HA3,2022-08-01
554670.2,HA3,2022-09-01
555764.8,HA3,2022-10-01
556379.8,HA3,2022-11-01
557923.06,HA3,2022-12-01
350160.03,IG11,2022-01-01
352250.44,IG11,2022-02-01
354149.88,IG11,2022-03-01
356240.2,IG11,2022-04-01
358266.94,IG11,2022-05-01
360357.3,IG11,2022-06-01
362384.1,IG11,2022-07-01
364474.44,IG11,2022-08-01
366564.8,IG11,2022-09-01
368591.5,IG11,2022-10-01
370681.9,IG11,2022-11-01
372714.72,IG11,2022-12-01
,SE20,2022-01-01
,SE20,2022-02-01
,SE20,2022-03-01
,SE20,2022-04-01
,SE20,2022-05-01
,SE20,2022-06-01
,SE20,2022-07-01
,SE20,2022-08-01
,SE20,2022-09-01
,SE20,2022-10-01
,SE20,2022-11-01
,SE20,2022-12-01
632646.7,BR3,2022-01-01
635912.56,BR3,2022-02-01
638851.25,BR3,2022-03-01
642117.5,BR3,2022-04-01
645274.25,BR3,2022-05-01
648540.3,BR3,2022-06-01
651697.0,BR3,2022-07-01
654963.0,BR3,2022-08-01
658229.0,BR3,2022-09-01
661385.8,BR3,2022-10-01
664651.94,BR3,2022-11-01
667808.75,BR3,2022-12-01
374635.2,DA14,2022-01-01
376223.75,DA14,2022-02-01
377632.3,DA14,2022-03-01
379220.94,DA14,2022-04-01
380749.53,DA14,2022-05-01
382390.56,DA14,2022-06-01
383987.5,DA14,2022-07-01
385647.75,DA14,2022-08-01
387308.1,DA14,2022-09-01
388905.03,DA14,2022-10-01
390565.34,DA14,2022-11-01
392162.3,DA14,2022-12-01
559332.25,SE19,2022-01-01
564626.5,SE19,2022-02-01
568444.94,SE19,2022-03-01
569451.9,SE19,2022-04-01
574443.6,SE19,2022-05-01
577557.7,SE19,2022-06-01
578760.7,SE19,2022-07-01
584620.75,SE19,2022-08-01
586628.8,SE19,2022-09-01
588461.25,SE19,2022-10-01
594539.94,SE19,2022-11-01
595628.3,SE19,2022-12-01
818103.6,HA7,2022-01-01
807505.44,HA7,2022-02-01
819771.8,HA7,2022-03-01
817958.0,HA7,2022-04-01
819710.94,HA7,2022-05-01
829144.25,HA7,2022-06-01
821941.06,HA7,2022-07-01
837332.6,HA7,2022-08-01
827978.8,HA7,2022-09-01
840973.44,HA7,2022-10-01
837027.9,HA7,2022-11-01
841912.25,HA7,2022-12-01
833742.44,NW5,2022-01-01
844171.2,NW5,2022-02-01
847504.25,NW5,2022-03-01
851159.44,NW5,2022-04-01
863656.56,NW5,2022-05-01
860107.9,NW5,2022-06-01
877332.2,NW5,2022-07-01
872138.7,NW5,2022-08-01
887641.8,NW5,2022-09-01
887098.1,NW5,2022-10-01
895351.8,NW5,2022-11-01
903507.8,NW5,2022-12-01
1041327.2,TW1,2022-01-01
1041676.94,TW1,2022-02-01
1048138.3,TW1,2022-03-01
1052437.5,TW1,2022-04-01
1054951.1,TW1,2022-05-01
1063581.8,TW1,2022-06-01
1063870.9,TW1,2022-07-01
1071755.4,TW1,2022-08-01
1075547.1,TW1,2022-09-01
1078533.2,TW1,2022-10-01
1086796.2,TW1,2022-11-01
1087148.1,TW1,2022-12-01
518649.06,E7,2022-01-01
521229.47,E7,2022-02-01
523544.84,E7,2022-03-01
526125.25,E7,2022-04-01
528802.44,E7,2022-05-01
531576.44,E7,2022-06-01
534255.75,E7,2022-07-01
537029.8,E7,2022-08-01
539803.9,E7,2022-09-01
542483.2,E7,2022-10-01
545257.2,E7,2022-11-01
547936.5,E7,2022-12-01
653487.56,SE4,2022-01-01
656577.5,SE4,2022-02-01
659336.44,SE4,2022-03-01
662426.1,SE4,2022-04-01
665405.56,SE4,2022-05-01
668495.4,SE4,2022-06-01
671474.7,SE4,2022-07-01
674564.6,SE4,2022-08-01
677654.2,SE4,2022-09-01
680633.7,SE4,2022-10-01
683723.44,SE4,2022-11-01
686702.75,SE4,2022-12-01
774333.1,N12,2022-01-01
776964.7,N12,2022-02-01
778893.4,N12,2022-03-01
783266.75,N12,2022-04-01
785192.94,N12,2022-05-01
788266.75,N12,2022-06-01
792129.7,N12,2022-07-01
793859.6,N12,2022-08-01
797732.8,N12,2022-09-01
800799.4,N12,2022-10-01
802821.6,N12,2022-11-01
806987.5,N12,2022-12-01
1131917.0,NW11,2022-01-01
1137405.8,NW11,2022-02-01
1141013.9,NW11,2022-03-01
1144575.0,NW11,2022-04-01
1150433.2,NW11,2022-05-01
1152636.0,NW11,2022-06-01
1159104.0,NW11,2022-07-01
1161534.2,NW11,2022-08-01
1167125.4,NW11,2022-09-01
1170966.0,NW11,2022-10-01
1174613.6,NW11,2022-11-01
1180259.8,NW11,2022-12-01
578612.5,EN1,2022-01-01
579360.56,EN1,2022-02-01
580001.75,EN1,2022-03-01
580749.8,EN1,2022-04-01
581462.3,EN1,2022-05-01
582210.25,EN1,2022-06-01
582922.75,EN1,2022-07-01
583670.75,EN1,2022-08-01
584418.75,EN1,2022-09-01
585131.2,EN1,2022-10-01
585879.25,EN1,2022-11-01
586591.75,EN1,2022-12-01
1058199.2,W5,2022-01-01
1062288.2,W5,2022-02-01
1071446.1,W5,2022-03-01
1072226.1,W5,2022-04-01
1083714.5,W5,2022-05-01
1084100.1,W5,2022-06-01
1094270.8,W5,2022-07-01
1097595.8,W5,2022-08-01
1104028.6,W5,2022-09-01
1111560.6,W5,2022-10-01
1113921.2,W5,2022-11-01
1124740.5,W5,2022-12-01
1423205.0,SW6,2022-01-01
1431447.9,SW6,2022-02-01
1438652.4,SW6,2022-03-01
1449953.5,SW6,2022-04-01
1458613.1,SW6,2022-05-01
1469485.9,SW6,2022-06-01
1480256.5,SW6,2022-07-01
1489256.1,SW6,2022-08-01
1501311.0,SW6,2022-09-01
1510185.5,SW6,2022-10-01
1521083.4,SW6,2022-11-01
1531663.2,SW6,2022-12-01
521505.84,UB9,2022-01-01
522931.12,UB9,2022-02-01
524026.53,UB9,2022-03-01
525547.56,UB9,2022-04-01
526860.2,UB9,2022-05-01
528332.56,UB9,2022-06-01
529644.9,UB9,2022-07-01
531119.5,UB9,2022-08-01
532483.8,UB9,2022-09-01
533904.9,UB9,2022-10-01
535274.1,UB9,2022-11-01
536690.6,UB9,2022-12-01
449244.56,KT9,2022-01-01
448025.3,KT9,2022-02-01
455578.7,KT9,2022-03-01
453283.25,KT9,2022-04-01
456761.97,KT9,2022-05-01
455124.12,KT9,2022-06-01
459017.7,KT9,2022-07-01
458047.2,KT9,2022-08-01
461353.7,KT9,2022-09-01
460559.56,KT9,2022-10-01
463622.5,KT9,2022-11-01
463131.25,KT9,2022-12-01
471668.28,E3,2022-01-01
472970.3,E3,2022-02-01
474102.5,E3,2022-03-01
475404.62,E3,2022-04-01
476650.12,E3,2022-05-01
477952.12,E3,2022-06-01
479197.66,E3,2022-07-01
480499.72,E3,2022-08-01
481801.8,E3,2022-09-01
483047.25,E3,2022-10-01
484349.38,E3,2022-11-01
485594.8,E3,2022-12-01
424246.47,TW5,2022-01-01
426634.2,TW5,2022-02-01
427286.94,TW5,2022-03-01
429346.16,TW5,2022-04-01
430497.8,TW5,2022-05-01
432174.38,TW5,2022-06-01
433601.88,TW5,2022-07-01
434963.22,TW5,2022-08-01
436721.1,TW5,2022-09-01
438079.06,TW5,2022-10-01
439828.6,TW5,2022-11-01
441668.9,TW5,2022-12-01
657101.2,SW2,2022-01-01
661111.9,SW2,2022-02-01
664772.4,SW2,2022-03-01
668815.94,SW2,2022-04-01
672731.44,SW2,2022-05-01
676775.25,SW2,2022-06-01
680690.56,SW2,2022-07-01
684734.5,SW2,2022-08-01
688778.0,SW2,2022-09-01
692693.3,SW2,2022-10-01
696737.25,SW2,2022-11-01
700652.5,SW2,2022-12-01
314771.34,RM13,2022-01-01
315659.22,RM13,2022-02-01
316601.6,RM13,2022-03-01
317188.34,RM13,2022-04-01
318479.75,RM13,2022-05-01
318995.72,RM13,2022-06-01
320133.44,RM13,2022-07-01
320981.5,RM13,2022-08-01
321739.47,RM13,2022-09-01
322935.66,RM13,2022-10-01
323447.2,RM13,2022-11-01
324686.97,RM13,2022-12-01
443796.88,SM4,2022-01-01
446902.16,SM4,2022-02-01
447816.03,SM4,2022-03-01
448458.9,SM4,2022-04-01
451183.9,SM4,2022-05-01
452906.56,SM4,2022-06-01
453600.0,SM4,2022-07-01
455883.28,SM4,2022-08-01
457876.47,SM4,2022-09-01
458784.16,SM4,2022-10-01
460700.88,SM4,2022-11-01
462717.47,SM4,2022-12-01
649938.8,EN5,2022-01-01
653295.25,EN5,2022-02-01
656358.1,EN5,2022-03-01
659714.94,EN5,2022-04-01
663005.06,EN5,2022-05-01
666405.44,EN5,2022-06-01
669703.25,EN5,2022-07-01
673103.56,EN5,2022-08-01
676503.9,EN5,2022-09-01
679801.8,EN5,2022-10-01
683202.2,EN5,2022-11-01
686500.06,EN5,2022-12-01
2448898.2,W1,2022-01-01
2459771.5,W1,2022-02-01
2491833.5,W1,2022-03-01
2516724.0,W1,2022-04-01
2539649.2,W1,2022-05-01
2571804.0,W1,2022-06-01
2585754.0,W1,2022-07-01
2628240.0,W1,2022-08-01
2634053.0,W1,2022-09-01
2695576.0,W1,2022-10-01
2681596.8,W1,2022-11-01
2761770.8,W1,2022-12-01
558077.6,N16,2022-01-01
530964.44,N16,2022-02-01
538407.7,N16,2022-03-01
536918.4,N16,2022-04-01
539273.06,N16,2022-05-01
542915.2,N16,2022-06-01
537204.5,N16,2022-07-01
547039.4,N16,2022-08-01
537927.6,N16,2022-09-01
550612.56,N16,2022-10-01
540152.44,N16,2022-11-01
551717.6,N16,2022-12-01
558173.2,E9,2022-01-01
561097.56,E9,2022-02-01
563107.5,E9,2022-03-01
567730.56,E9,2022-04-01
567090.3,E9,2022-05-01
575235.1,E9,2022-06-01
572527.7,E9,2022-07-01
580930.75,E9,2022-08-01
579795.4,E9,2022-09-01
585204.2,E9,2022-10-01
587878.8,E9,2022-11-01
589166.9,E9,2022-12-01
523269.72,KT3,2022-01-01
527934.0,KT3,2022-02-01
529145.94,KT3,2022-03-01
531225.75,KT3,2022-04-01
535080.56,KT3,2022-05-01
537397.56,KT3,2022-06-01
539654.94,KT3,2022-07-01
543915.8,KT3,2022-08-01
546067.06,KT3,2022-09-01
548516.6,KT3,2022-10-01
552834.1,KT3,2022-11-01
554792.5,KT3,2022-12-01
600725.0,N4,2022-01-01
604254.8,N4,2022-02-01
609649.44,N4,2022-03-01
609979.5,N4,2022-04-01
615836.4,N4,2022-05-01
617737.06,N4,2022-06-01
620256.75,N4,2022-07-01
626359.4,N4,2022-08-01
626986.4,N4,2022-09-01
631504.1,N4,2022-10-01
635356.44,N4,2022-11-01
636952.4,N4,2022-12-01
391466.44,UB3,2022-01-01
397984.8,UB3,2022-02-01
397218.3,UB3,2022-03-01
395655.9,UB3,2022-04-01
403871.3,UB3,2022-05-01
401421.12,UB3,2022-06-01
402942.16,UB3,2022-07-01
407782.3,UB3,2022-08-01
407524.0,UB3,2022-09-01
408535.9,UB3,2022-10-01
413057.78,UB3,2022-11-01
412698.06,UB3,2022-12-01
385878.06,CR7,2022-01-01
387208.62,CR7,2022-02-01
388391.97,CR7,2022-03-01
389722.66,CR7,2022-04-01
391004.1,CR7,2022-05-01
392334.75,CR7,2022-06-01
393616.28,CR7,2022-07-01
394946.97,CR7,2022-08-01
396277.6,CR7,2022-09-01
397559.1,CR7,2022-10-01
398889.75,CR7,2022-11-01
400171.3,CR7,2022-12-01
551383.1,DA5,2022-01-01
553713.06,DA5,2022-02-01
554085.5,DA5,2022-03-01
560262.44,DA5,2022-04-01
559777.75,DA5,2022-05-01
564794.6,DA5,2022-06-01
564469.4,DA5,2022-07-01
569238.94,DA5,2022-08-01
569154.3,DA5,2022-09-01
573655.94,DA5,2022-10-01
573725.9,DA5,2022-11-01
578119.1,DA5,2022-12-01
346966.0,EN3EN8,2022-01-01
355180.47,EN3EN8,2022-02-01
349932.88,EN3EN8,2022-03-01
352544.3,EN3EN8,2022-04-01
353926.7,EN3EN8,2022-05-01
351486.22,EN3EN8,2022-06-01
357025.66,EN3EN8,2022-07-01
352308.94,EN3EN8,2022-08-01
358157.12,EN3EN8,2022-09-01
354604.5,EN3EN8,2022-10-01
357579.03,EN3EN8,2022-11-01
358216.66,EN3EN8,2022-12-01
720466.9,SW8,2022-01-01
723005.7,SW8,2022-02-01
726676.3,SW8,2022-03-01
729640.1,SW8,2022-04-01
733584.1,SW8,2022-05-01
736429.56,SW8,2022-06-01
740667.5,SW8,2022-07-01
743219.2,SW8,2022-08-01
749912.25,SW8,2022-09-01
754148.56,SW8,2022-10-01
760993.06,SW8,2022-11-01
765246.94,SW8,2022-12-01
396944.25,UB7,2022-01-01
397956.44,UB7,2022-02-01
398842.66,UB7,2022-03-01
399854.97,UB7,2022-04-01
400825.12,UB7,2022-05-01
401837.38,UB7,2022-06-01
402807.66,UB7,2022-07-01
403819.84,UB7,2022-08-01
404832.0,UB7,2022-09-01
405802.28,UB7,2022-10-01
406814.62,UB7,2022-11-01
407784.78,UB7,2022-12-01
647833.0,N21,2022-01-01
667633.3,N21,2022-02-01
653000.44,N21,2022-03-01
669806.56,N21,2022-04-01
661491.44,N21,2022-05-01
673527.06,N21,2022-06-01
671891.94,N21,2022-07-01
676401.94,N21,2022-08-01
682501.06,N21,2022-09-01
679801.5,N21,2022-10-01
692094.06,N21,2022-11-01
684581.2,N21,2022-12-01
328562.88,DA1,2022-01-01
329872.47,DA1,2022-02-01
331046.4,DA1,2022-03-01
332355.9,DA1,2022-04-01
333620.25,DA1,2022-05-01
334929.8,DA1,2022-06-01
336194.16,DA1,2022-07-01
337503.66,DA1,2022-08-01
338813.22,DA1,2022-09-01
340077.5,DA1,2022-10-01
341387.12,DA1,2022-11-01
342651.38,DA1,2022-12-01
419564.66,N18,2022-01-01
420950.84,N18,2022-02-01
422784.53,N18,2022-03-01
424380.4,N18,2022-04-01
425773.47,N18,2022-05-01
427300.28,N18,2022-06-01
428796.56,N18,2022-07-01
430329.78,N18,2022-08-01
431857.53,N18,2022-09-01
433344.78,N18,2022-10-01
434894.5,N18,2022-11-01
436398.0,N18,2022-12-01
779370.0,W10,2022-01-01
763853.6,W10,2022-02-01
780194.25,W10,2022-03-01
774135.1,W10,2022-04-01
782265.4,W10,2022-05-01
788368.8,W10,2022-06-01
784533.9,W10,2022-07-01
799277.56,W10,2022-08-01
792528.44,W10,2022-09-01
804096.3,W10,2022-10-01
805275.75,W10,2022-11-01
806535.6,W10,2022-12-01
942287.4,TW11,2022-01-01
945802.06,TW11,2022-02-01
948923.7,TW11,2022-03-01
952014.56,TW11,2022-04-01
955226.4,TW11,2022-05-01
958591.5,TW11,2022-06-01
962239.25,TW11,2022-07-01
965994.6,TW11,2022-08-01
969833.94,TW11,2022-09-01
973271.2,TW11,2022-10-01
976715.7,TW11,2022-11-01
979843.06,TW11,2022-12-01
415106.28,E13,2022-01-01
415476.44,E13,2022-02-01
418720.84,E13,2022-03-01
419177.38,E13,2022-04-01
421651.72,E13,2022-05-01
423287.6,E13,2022-06-01
424678.44,E13,2022-07-01
427033.16,E13,2022-08-01
428207.75,E13,2022-09-01
430380.88,E13,2022-10-01
431938.06,E13,2022-11-01
433657.2,E13,2022-12-01
2631405.8,SW10,2022-01-01
2665476.8,SW10,2022-02-01
2670074.2,SW10,2022-03-01
2687958.0,SW10,2022-04-01
2711581.5,SW10,2022-05-01
2715661.5,SW10,2022-06-01
2751223.2,SW10,2022-07-01
2745683.0,SW10,2022-08-01
2787638.2,SW10,2022-09-01
2778557.8,SW10,2022-10-01
2819480.8,SW10,2022-11-01
2814103.5,SW10,2022-12-01
612535.56,SE13,2022-01-01
616539.25,SE13,2022-02-01
620014.94,SE13,2022-03-01
623885.1,SE13,2022-04-01
627627.3,SE13,2022-05-01
631496.44,SE13,2022-06-01
635238.6,SE13,2022-07-01
639137.94,SE13,2022-08-01
643049.2,SE13,2022-09-01
646876.06,SE13,2022-10-01
650832.06,SE13,2022-11-01
654751.3,SE13,2022-12-01
636438.06,E17,2022-01-01
631241.5,E17,2022-02-01
633802.4,E17,2022-03-01
633841.2,E17,2022-04-01
642644.8,E17,2022-05-01
636588.3,E17,2022-06-01
645709.94,E17,2022-07-01
643974.4,E17,2022-08-01
647405.6,E17,2022-09-01
651060.06,E17,2022-10-01
649615.25,E17,2022-11-01
657473.75,E17,2022-12-01
1338094.4,W14,2022-01-01
1349367.1,W14,2022-02-01
1397203.8,W14,2022-03-01
1442328.2,W14,2022-04-01
1451029.1,W14,2022-05-01
1442730.6,W14,2022-06-01
1451335.0,W14,2022-07-01
1482821.2,W14,2022-08-01
1519341.6,W14,2022-09-01
1539031.1,W14,2022-10-01
1546769.5,W14,2022-11-01
1559413.9,W14,2022-12-01
537693.44,SE17,2022-01-01
529246.8,SE17,2022-02-01
531776.0,SE17,2022-03-01
546429.56,SE17,2022-04-01
534484.06,SE17,2022-05-01
546945.56,SE17,2022-06-01
551573.4,SE17,2022-07-01
543808.2,SE17,2022-08-01
560362.94,SE17,2022-09-01
555830.94,SE17,2022-10-01
556556.1,SE17,2022-11-01
570289.94,SE17,2022-12-01
983870.4,EC1,2022-01-01
983495.44,EC1,2022-02-01
988987.0,EC1,2022-03-01
989336.0,EC1,2022-04-01
995548.1,EC1,2022-05-01
995598.0,EC1,2022-06-01
1001234.8,EC1,2022-07-01
1002492.94,EC1,2022-08-01
1006595.75,EC1,2022-09-01
1010979.44,EC1,2022-10-01
1012394.0,EC1,2022-11-01
1019436.6,EC1,2022-12-01
518858.34,HA9,2022-01-01
521645.34,HA9,2022-02-01
522703.3,HA9,2022-03-01
525281.8,HA9,2022-04-01
527559.4,HA9,2022-05-01
529442.06,HA9,2022-06-01
531872.5,HA9,2022-07-01
534042.8,HA9,2022-08-01
536156.9,HA9,2022-09-01
538520.4,HA9,2022-10-01
540679.3,HA9,2022-11-01
542814.0,HA9,2022-12-01
1187289.4,SW14,2022-01-01
1186499.6,SW14,2022-02-01
1193434.1,SW14,2022-03-01
1192858.5,SW14,2022-04-01
1206918.1,SW14,2022-05-01
1203912.8,SW14,2022-06-01
1214751.1,SW14,2022-07-01
1215730.8,SW14,2022-08-01
1224496.6,SW14,2022-09-01
1226699.9,SW14,2022-10-01
1234730.1,SW14,2022-11-01
1237661.4,SW14,2022-12-01
2161472.5,WC2,2022-01-01
2223294.0,WC2,2022-02-01
2167092.2,WC2,2022-03-01
2161055.2,WC2,2022-04-01
2181656.8,WC2,2022-05-01
2122797.2,WC2,2022-06-01
2145263.8,WC2,2022-07-01
2129924.2,WC2,2022-08-01
2108424.5,WC2,2022-09-01
2128256.0,WC2,2022-10-01
2107594.2,WC2,2022-11-01
2108919.2,WC2,2022-12-01
523452.72,E10,2022-01-01
526318.5,E10,2022-02-01
529058.9,E10,2022-03-01
532139.0,E10,2022-04-01
535128.1,E10,2022-05-01
538208.3,E10,2022-06-01
541288.25,E10,2022-07-01
544471.6,E10,2022-08-01
547655.0,E10,2022-09-01
550748.3,E10,2022-10-01
553931.6,E10,2022-11-01
557024.75,E10,2022-12-01
334617.94,RM3,2022-01-01
336008.72,RM3,2022-02-01
336846.8,RM3,2022-03-01
337779.12,RM3,2022-04-01
338669.16,RM3,2022-05-01
339599.62,RM3,2022-06-01
340489.56,RM3,2022-07-01
341420.03,RM3,2022-08-01
342350.47,RM3,2022-09-01
343240.44,RM3,2022-10-01
344170.84,RM3,2022-11-01
345060.8,RM3,2022-12-01
766476.9,TW12,2022-01-01
769885.3,TW12,2022-02-01
772964.75,TW12,2022-03-01
776427.7,TW12,2022-04-01
780139.44,TW12,2022-05-01
783969.9,TW12,2022-06-01
787681.9,TW12,2022-07-01
791513.6,TW12,2022-08-01
795345.6,TW12,2022-09-01
799059.9,TW12,2022-10-01
802891.8,TW12,2022-11-01
806605.44,TW12,2022-12-01
795933.8,W13,2022-01-01
802157.44,W13,2022-02-01
801239.5,W13,2022-03-01
808406.8,W13,2022-04-01
807646.75,W13,2022-05-01
815118.25,W13,2022-06-01
815187.94,W13,2022-07-01
821175.9,W13,2022-08-01
823455.94,W13,2022-09-01
827003.75,W13,2022-10-01
831549.7,W13,2022-11-01
833154.7,W13,2022-12-01
353090.7,IG7,2022-01-01
355209.6,IG7,2022-02-01
353221.66,IG7,2022-03-01
357925.44,IG7,2022-04-01
356194.62,IG7,2022-05-01
358391.16,IG7,2022-06-01
360361.62,IG7,2022-07-01
359123.78,IG7,2022-08-01
363073.25,IG7,2022-09-01
361922.7,IG7,2022-10-01
363912.56,IG7,2022-11-01
365673.88,IG7,2022-12-01
644105.7,SE10,2022-01-01
648652.7,SE10,2022-02-01
651560.1,SE10,2022-03-01
654402.56,SE10,2022-04-01
657867.25,SE10,2022-05-01
661429.4,SE10,2022-06-01
665129.3,SE10,2022-07-01
667976.94,SE10,2022-08-01
671612.94,SE10,2022-09-01
676045.1,SE10,2022-10-01
679194.3,SE10,2022-11-01
682378.06,SE10,2022-12-01
1667212.9,SW13,2022-01-01
1667648.5,SW13,2022-02-01
1680778.8,SW13,2022-03-01
1678069.5,SW13,2022-04-01
1692571.5,SW13,2022-05-01
1691146.8,SW13,2022-06-01
1702368.0,SW13,2022-07-01
1705735.8,SW13,2022-08-01
1711521.8,SW13,2022-09-01
1720433.5,SW13,2022-10-01
1721090.1,SW13,2022-11-01
1733880.9,SW13,2022-12-01
433520.4,IG3,2022-01-01
435258.78,IG3,2022-02-01
436840.66,IG3,2022-03-01
438579.1,IG3,2022-04-01
440265.38,IG3,2022-05-01
442003.88,IG3,2022-06-01
443690.1,IG3,2022-07-01
445428.5,IG3,2022-08-01
447166.94,IG3,2022-09-01
448853.34,IG3,2022-10-01
450591.8,IG3,2022-11-01
452278.06,IG3,2022-12-01
905675.9,E14,2022-01-01
905323.25,E14,2022-02-01
905029.5,E14,2022-03-01
904676.6,E14,2022-04-01
904851.56,E14,2022-05-01
905078.3,E14,2022-06-01
905306.6,E14,2022-07-01
905533.44,E14,2022-08-01
905759.8,E14,2022-09-01
906055.25,E14,2022-10-01
906499.1,E14,2022-11-01
906944.9,E14,2022-12-01
380784.84,RM7,2022-01-01
382217.66,RM7,2022-02-01
383496.75,RM7,2022-03-01
384929.44,RM7,2022-04-01
386311.03,RM7,2022-05-01
387743.75,RM7,2022-06-01
389125.25,RM7,2022-07-01
390558.0,RM7,2022-08-01
391990.78,RM7,2022-09-01
393372.28,RM7,2022-10-01
394805.12,RM7,2022-11-01
396186.66,RM7,2022-12-01
1087831.5,WC1,2022-01-01
1092535.4,WC1,2022-02-01
1104769.4,WC1,2022-03-01
1106772.9,WC1,2022-04-01
1106315.1,WC1,2022-05-01
1116129.2,WC1,2022-06-01
1125186.9,WC1,2022-07-01
1125101.0,WC1,2022-08-01
1128187.8,WC1,2022-09-01
1138924.4,WC1,2022-10-01
1144663.6,WC1,2022-11-01
1144376.0,WC1,2022-12-01
611294.75,SW17,2022-01-01
611920.8,SW17,2022-02-01
612528.6,SW17,2022-03-01
613346.56,SW17,2022-04-01
614120.25,SW17,2022-05-01
614938.25,SW17,2022-06-01
615711.94,SW17,2022-07-01
616692.44,SW17,2022-08-01
617707.94,SW17,2022-09-01
618682.25,SW17,2022-10-01
619697.8,SW17,2022-11-01
620672.1,SW17,2022-12-01
444522.6,NW8,2022-01-01
413364.6,NW8,2022-02-01
444111.47,NW8,2022-03-01
431424.75,NW8,2022-04-01
433055.03,NW8,2022-05-01
442789.12,NW8,2022-06-01
482041.6,NW8,2022-07-01
453030.72,NW8,2022-08-01
449562.97,NW8,2022-09-01
470408.56,NW8,2022-10-01
467275.12,NW8,2022-11-01
508190.62,NW8,2022-12-01
1211198.9,EC2,2022-01-01
1276353.4,EC2,2022-02-01
1230221.6,EC2,2022-03-01
1283481.9,EC2,2022-04-01
1245273.1,EC2,2022-05-01
1290480.0,EC2,2022-06-01
1260983.9,EC2,2022-07-01
1297371.1,EC2,2022-08-01
1276700.2,EC2,2022-09-01
1304702.2,EC2,2022-10-01
1291691.0,EC2,2022-11-01
1312722.6,EC2,2022-12-01
438432.44,SE14,2022-01-01
440521.12,SE14,2022-02-01
444152.53,SE14,2022-03-01
447093.3,SE14,2022-04-01
451050.88,SE14,2022-05-01
454261.8,SE14,2022-06-01
457785.2,SE14,2022-07-01
461510.47,SE14,2022-08-01
464685.34,SE14,2022-09-01
468670.53,SE14,2022-10-01
471775.25,SE14,2022-11-01
475694.94,SE14,2022-12-01
469765.2,SE9,2022-01-01
472468.16,SE9,2022-02-01
474764.53,SE9,2022-03-01
477258.8,SE9,2022-04-01
479667.16,SE9,2022-05-01
482154.1,SE9,2022-06-01
484561.3,SE9,2022-07-01
487048.12,SE9,2022-08-01
489534.8,SE9,2022-09-01
491955.34,SE9,2022-10-01
494456.75,SE9,2022-11-01
496877.75,SE9,2022-12-01
874226.9,N7,2022-01-01
878333.4,N7,2022-02-01
881997.5,N7,2022-03-01
886139.6,N7,2022-04-01
890133.2,N7,2022-05-01
894275.06,N7,2022-06-01
898268.9,N7,2022-07-01
902410.75,N7,2022-08-01
906553.1,N7,2022-09-01
910590.94,N7,2022-10-01
914794.75,N7,2022-11-01
918848.7,N7,2022-12-01
3423223.5,W8,2022-01-01
3556404.8,W8,2022-02-01
3668919.8,W8,2022-03-01
3585556.2,W8,2022-04-01
3557403.5,W8,2022-05-01
3709734.8,W8,2022-06-01
3717715.8,W8,2022-07-01
3625734.0,W8,2022-08-01
3718000.8,W8,2022-09-01
3821575.5,W8,2022-10-01
3737600.0,W8,2022-11-01
3738301.8,W8,2022-12-01
371448.47,DA6,2022-01-01
375808.47,DA6,2022-02-01
371272.62,DA6,2022-03-01
377640.94,DA6,2022-04-01
373578.03,DA6,2022-05-01
377406.0,DA6,2022-06-01
377518.4,DA6,2022-07-01
376626.94,DA6,2022-08-01
381105.3,DA6,2022-09-01
377303.4,DA6,2022-10-01
382664.06,DA6,2022-11-01
380039.22,DA6,2022-12-01
346912.16,CR4,2022-01-01
348345.84,CR4,2022-02-01
349646.3,CR4,2022-03-01
351080.06,CR4,2022-04-01
352469.38,CR4,2022-05-01
353902.97,CR4,2022-06-01
355292.38,CR4,2022-07-01
356726.06,CR4,2022-08-01
358159.78,CR4,2022-09-01
359549.1,CR4,2022-10-01
360994.78,CR4,2022-11-01
362462.53,CR4,2022-12-01
623309.1,TW8,2022-01-01
625538.44,TW8,2022-02-01
625264.7,TW8,2022-03-01
628771.5,TW8,2022-04-01
630736.4,TW8,2022-05-01
630370.6,TW8,2022-06-01
633179.5,TW8,2022-07-01
635984.56,TW8,2022-08-01
635749.94,TW8,2022-09-01
637750.4,TW8,2022-10-01
641091.4,TW8,2022-11-01
641192.8,TW8,2022-12-01
581124.1,N22,2022-01-01
583831.56,N22,2022-02-01
586264.44,N22,2022-03-01
588971.56,N22,2022-04-01
591575.6,N22,2022-05-01
594282.8,N22,2022-06-01
596887.1,N22,2022-07-01
599593.94,N22,2022-08-01
602284.06,N22,2022-09-01
604904.9,N22,2022-10-01
607595.25,N22,2022-11-01
610216.06,N22,2022-12-01
540801.5,KT4,2022-01-01
540557.7,KT4,2022-02-01
543621.7,KT4,2022-03-01
544408.06,KT4,2022-04-01
546460.5,KT4,2022-05-01
548716.7,KT4,2022-06-01
549325.8,KT4,2022-07-01
552589.56,KT4,2022-08-01
552959.1,KT4,2022-09-01
555684.56,KT4,2022-10-01
557171.1,KT4,2022-11-01
558446.3,KT4,2022-12-01
933278.9,N3,2022-01-01
936147.8,N3,2022-02-01
938480.4,N3,2022-03-01
942386.2,N3,2022-04-01
945988.25,N3,2022-05-01
948588.44,N3,2022-06-01
952090.1,N3,2022-07-01
955998.75,N3,2022-08-01
958704.7,N3,2022-09-01
961937.9,N3,2022-10-01
965951.44,N3,2022-11-01
968723.9,N3,2022-12-01
413958.28,UB4,2022-01-01
415363.03,UB4,2022-02-01
416648.97,UB4,2022-03-01
418053.78,UB4,2022-04-01
419423.78,UB4,2022-05-01
420991.06,UB4,2022-06-01
422519.12,UB4,2022-07-01
424086.4,UB4,2022-08-01
425653.6,UB4,2022-09-01
427181.75,UB4,2022-10-01
428748.9,UB4,2022-11-01
430277.1,UB4,2022-12-01
473324.84,CR0,2022-01-01
475523.0,CR0,2022-02-01
477518.1,CR0,2022-03-01
479838.12,CR0,2022-04-01
482084.44,CR0,2022-05-01
484404.5,CR0,2022-06-01
486650.62,CR0,2022-07-01
488970.62,CR0,2022-08-01
491290.6,CR0,2022-09-01
493536.8,CR0,2022-10-01
495856.75,CR0,2022-11-01
498103.06,CR0,2022-12-01
